year,median_light_per_1000,mean_light_per_1000,total_light,n
2012,5.5018825295,7.044266516892344,8387355.89582643,640
2013,6.067700924,7.688813638616719,9023935.14277953,640
2014,6.029783083,7.757985702183437,9189208.09172124,640
2015,6.747294826,8.225706714847032,9834229.35899481,640
2016,6.676882136,8.031005963260156,9835600.052149164,640
2017,8.527390344499999,9.64712765786422,11682135.572801769,640
2018,8.761811467000001,9.925531742173906,12124464.40567919,640
2019,9.072118184499999,10.218986428659374,12447918.63213684,640
2020,9.543247408500001,10.648006624494219,12866360.89098184,640
2021,9.8294330065,11.208700696622188,13393125.587224,640
