pc11_state_id,pc11_district_id,growth_annual,log_initial,growth_quintile
01,001,0.0015514858750000082,1.15361488,1
01,002,0.054101283499999986,1.736060477,3
01,003,0.16412869012500003,2.236075749,5
01,004,0.17239441425,1.315852872,5
01,005,0.040282490000000004,2.52047688,2
01,006,0.033895461000000016,2.431639821,2
01,007,-0.010711035499999966,2.966496006,1
01,008,0.03027972949999999,1.704652808,2
01,009,0.004450450124999977,1.517167434,1
01,010,0.03543684137499997,1.775934947,2
01,011,0.04816985037499999,2.296404817,3
01,012,0.03935699737500001,1.548506561,2
01,013,0.019181258625000003,1.044523322,2
01,014,0.020652840125000016,1.093866458,2
01,015,0.011664303362500003,0.7309236665,1
01,016,0.009124399125000016,1.923562233,1
01,017,0.031031524624999973,2.114451373,2
01,018,0.07888610862500003,1.4580239,4
01,019,0.009374961999999987,2.699571947,1
01,020,0.021887755249999974,2.438707425,2
01,021,0.001710738374999965,3.243737133,1
01,022,0.0028301557500000074,3.634063397,1
02,023,0.029281899499999986,1.429486647,2
02,024,0.03379507825,1.293190731,2
02,025,0.11110280225,1.300837785,5
02,026,-0.011940463375000016,1.890064007,1
02,027,0.033324860250000005,1.089345039,2
02,028,0.031301850500000006,0.842194238,2
02,029,0.03783354949999995,2.035012764,2
02,030,0.012027279374999977,1.99291814,1
02,031,0.026267903749999988,2.751671548,2
02,032,0.01895575174999997,2.012429983,1
02,033,0.05540881950000001,1.221087627,3
02,034,-0.0003220429999999941,2.881111276,1
03,035,-0.005914397874999977,2.447232508,1
03,036,0.03869465975000003,2.534300569,2
03,037,0.02193774887500005,2.580079094,2
03,038,0.038459506874999994,1.896441667,2
03,039,0.08522887624999997,2.066914268,4
03,040,0.04360343524999999,2.589258833,2
03,041,0.029898397750000028,2.546861887,2
03,042,0.025239422249999977,2.608394236,2
03,043,0.022197137749999984,2.770897274,2
03,044,-0.013733321749999972,2.919622773,1
03,045,0.024958217625,2.619409033,2
03,046,0.0018158087499999809,3.168005891,1
03,047,-0.007742121875000008,2.682782509,1
03,048,0.032618209374999985,2.624393742,2
03,049,0.007821882999999974,2.741364114,1
03,050,-0.00012345512500000488,3.084466864,1
03,051,0.048556862749999985,2.401646853,3
03,052,0.058771001125,3.095139682,3
03,053,0.037943197375000015,2.479117779,2
03,054,0.03338498775000004,2.579404709,2
04,055,0.01731863662500005,2.434404381,1
05,056,-0.008147782500000006,2.031634066,1
05,057,-0.021396470249999966,2.439608528,1
05,058,0.0046678553750000296,2.277997464,1
05,059,-0.025058449500000024,2.724206337,1
05,060,0.045862396625000024,2.603255172,2
05,061,0.027637824874999967,1.911043881,2
05,062,-0.03484651675000003,2.011883323,1
05,063,-0.018164902750000017,1.453013748,1
05,064,-0.036993420624999995,1.620748814,1
05,065,-0.022434817999999995,1.995102712,1
05,066,0.012621844374999969,2.436623383,1
05,067,0.012416029499999981,2.900880561,1
05,068,0.019372111250000046,2.685312211,2
06,069,0.03733231612499999,2.853415235,2
06,070,0.019032615249999996,2.84075633,1
06,071,0.015108188124999977,2.454254215,1
06,072,-0.012810749500000052,2.922325187,1
06,073,-0.054004730374999976,2.970141628,1
06,074,-0.026294639625000005,3.042049879,1
06,075,-0.03623770062499998,3.35585171,1
06,076,0.0052936218749999875,2.860680129,1
06,077,-0.008294636625000018,2.731722742,1
06,078,-0.007449902750000015,2.795660522,1
06,079,-0.011628889874999992,2.797300227,1
06,080,0.023348975250000015,2.555794051,2
06,081,-0.0017612411249999793,2.694642359,1
06,082,0.0022273387500000297,2.778444354,1
06,083,0.02278165674999999,2.934478418,2
06,084,-0.012175950499999977,2.613269284,1
06,085,0.004518220000000017,2.923510003,1
06,086,0.019970996374999994,3.500012193,2
06,087,0.05501702487499999,2.353892666,3
06,088,-0.001018224749999963,2.990444336,1
06,089,0.034132859125000026,2.578760932,2
07,090,-0.021694289749999984,2.724980656,1
07,091,-0.027305765375000013,2.639696965,1
07,092,-0.037800205125000014,1.606726327,1
07,093,-0.039833294750000026,2.482095278,1
07,094,-0.027645668750000074,4.401849344,1
07,095,-0.03657311437499999,2.430347761,1
07,096,-0.025471190874999994,2.462378449,1
07,097,0.0026913024999999924,3.026002346,1
07,098,-0.028704614750000024,2.726634845,1
08,099,0.03896792575000002,2.263303454,2
08,100,0.03631619012500001,1.859402434,2
08,101,0.035040554124999956,2.564264071,2
08,102,0.010103214125000037,2.247337562,1
08,103,-0.02970636912500002,2.556540242,1
08,104,-6.79249999999687e-05,2.84911308,1
08,105,0.0011423946249999872,2.409204205,1
08,106,-0.0008270659999999874,2.041604755,1
08,107,-0.002434976374999953,2.659291126,1
08,108,-0.003224308875000026,2.539959157,1
08,109,-0.009436721749999988,2.823806009,1
08,110,0.006734475500000003,2.866584943,1
08,111,-0.02434860124999999,2.566999526,1
08,112,0.009843178374999983,2.431075808,1
08,113,0.03194188462500003,2.788945615,2
08,114,0.05903340374999999,2.83926833,3
08,115,0.05981423537499997,2.100399749,3
08,116,0.0439239075,1.473924702,2
08,117,0.07051479862500004,2.033708419,3
08,118,0.05881029225000001,2.161619227,3
08,119,0.03249847100000003,2.477514671,2
08,120,0.014960025749999994,2.155773396,1
08,121,0.022972989750000006,2.550576653,2
08,122,0.035945389500000036,2.401486462,2
08,123,0.03437972975000003,2.620894162,2
08,124,0.05182856837500002,1.334654369,3
08,125,0.01539332362500001,1.771477397,1
08,126,0.009783935000000021,2.962706147,1
08,127,-0.004806353875000002,2.943465229,1
08,128,0.02312171125000001,2.937943771,2
08,129,0.01401199787499996,2.684955389,1
08,130,0.03835285362499996,2.131908864,2
08,131,0.02692162974999998,1.943045194,2
09,132,0.0631365475,1.742111664,3
09,133,0.026169058999999995,1.833471157,2
09,134,0.062128352624999994,1.292111778,3
09,135,0.050501136375000005,1.537136255,3
09,136,0.022582921000000006,1.838760077,2
09,137,0.065054049625,1.637267188,3
09,138,0.02953756624999998,2.137698556,2
09,139,0.07087817325000001,1.688623061,3
09,140,0.027962176750000012,2.416436481,2
09,141,0.015810188125000013,3.636540448,1
09,142,0.07527787275000003,1.695917765,4
09,143,0.04349876150000001,1.826969613,2
09,144,0.019131251874999977,2.060021299,1
09,145,0.028068209374999986,2.41825371,2
09,146,-0.005575235250000032,2.482451847,1
09,147,0.03268719087500002,1.993289289,2
09,148,0.014646386750000018,2.167601694,1
09,149,0.1187502508125,0.9430812985,5
09,150,0.07096340900000003,1.563595699,3
09,151,0.07481374439999999,0.8948011718,4
09,152,0.087771253125,1.317714863,4
09,153,0.1262784477625,0.9276492209,5
09,154,0.1528565740375,0.5145550127,5
09,155,0.1540294446375,0.4505457729,5
09,156,0.10667773624999999,1.062106848,5
09,157,0.014250625374999992,2.871197723,1
09,158,0.07098813825,1.478584063,3
09,159,0.1146757567875,0.8198140507,5
09,160,0.01804098737500001,1.907222341,1
09,161,-0.004294414875000041,2.578528207,1
09,162,0.05385894375,2.097862652,3
09,163,0.09541887224999998,1.48993737,4
09,164,0.05114112937499998,2.013533311,3
09,165,0.085854508,1.70809881,4
09,166,0.06190039012499998,2.268918926,3
09,167,0.085313996625,1.697638108,4
09,168,0.08415359987499998,1.70737014,4
09,169,0.09531524737500002,1.836056008,4
09,170,0.10291787250000001,1.154049646,4
09,171,0.08991967099999998,1.38959155,4
09,172,0.09152257787500001,1.32858644,4
09,173,0.08530873037499997,1.290419141,4
09,174,0.10424783525,1.063775368,4
09,175,0.03057780250000003,2.197172604,2
09,176,0.08066047737500001,1.158068538,4
09,177,0.07081618612500001,1.469432495,3
09,178,0.132710466425,0.8008599436,5
09,179,0.10305224725000003,1.282360633,4
09,180,0.14194222345000002,0.5453734384,5
09,181,0.12455257326250001,0.6788671179,5
09,182,0.11409455386249999,0.6359049461,5
09,183,0.071409156375,1.224726464,3
09,184,0.10136954487500001,0.652292478,4
09,185,0.0692703265,1.21211637,3
09,186,0.113147017875,0.552226683,5
09,187,0.1073492874625,0.6625081163,5
09,188,0.07645403775000001,1.58566468,4
09,189,0.14520103369999998,0.3473516614,5
09,190,0.10550532174999999,1.057208516,4
09,191,0.13525918258750003,0.9095893983,5
09,192,0.05354573812499999,1.590299574,3
09,193,0.13486002337500003,1.021844105,5
09,194,0.18107606457500003,0.5837740894,5
09,195,0.10580524375,1.144065179,5
09,196,0.07242616387499998,1.716730758,4
09,197,0.04383979437500002,1.868001703,2
09,198,0.12559707525,1.093672837,5
09,199,0.12853207587499998,1.365887282,5
09,200,0.05441160149999996,2.167144357,3
09,201,0.09929587774999998,1.334735088,4
09,202,0.10148741437499997,1.011249446,4
10,203,0.2346042170125,-0.2281559311,5
10,204,0.3064556103875,-0.6118971181,5
10,205,0.3507523333125,-0.9223245225,5
10,206,0.28704252617500003,-0.6520432904,5
10,207,0.24630473891250002,-0.1494679823,5
10,208,0.15191080820000002,0.7777280144,5
10,209,0.21004026235,0.1046046482,5
10,210,0.1356740327,0.3991004014,5
10,211,0.1757400658,0.5046071896,5
10,212,0.1917837049575,0.07437999934,5
10,213,0.24239733013349998,0.009882374932,5
10,214,0.19664499635,0.3461581702,5
10,215,0.23475316214999997,-0.1850616732,5
10,216,0.183652949875,0.579854243,5
10,217,0.24018542226999998,0.01370375484,5
10,218,0.294461478225,-0.6532925208,5
10,219,0.177637643275,0.4769102988,5
10,220,0.2201590962125,0.1796072923,5
10,221,0.23035255775000002,-0.121420875,5
10,222,0.15007979793749998,0.8878433465,5
10,223,0.2492883868375,-0.4279421277,5
10,224,0.12128286737499999,1.125341567,5
10,225,0.22219950575,0.16952215,5
10,226,0.17235009237499999,0.636185722,5
10,227,0.1909804446,0.5949625052,5
10,228,0.22337514875,0.477805227,5
10,229,0.12927713587500003,1.092674172,5
10,230,0.08183095399999998,1.749552529,4
10,231,0.23131384916250003,0.2176893157,5
10,232,0.1988207664625,0.4835390463,5
10,233,0.19860742456249997,0.5859782495,5
10,234,0.20431143740000002,0.6066599268,5
10,235,0.206744774475,0.6640237052,5
10,236,0.16510248156250001,0.9565841955,5
10,237,0.28425427071250003,-0.3137637187,5
10,238,0.30026394500000003,-0.30968126,5
10,239,0.21484160102500002,0.6615833968,5
10,240,0.2950080082125,-0.2477444577,5
11,241,-0.11965440562500002,2.456689722,1
11,242,-0.09136709799999998,1.863716888,1
11,243,-0.037677077125000014,2.227567871,1
11,244,-0.015862968000000033,2.014397542,1
12,245,0.13949797400000002,1.061250995,5
12,246,0.048293584,2.050278982,3
12,247,0.14804661965000002,0.1438607498,5
12,248,0.051836369125000004,2.788979684,3
12,249,0.068782316175,0.3327740667,3
12,250,0.11245920951249999,-0.1664527005,5
12,251,0.12349895574999997,1.023512616,5
12,252,-0.007982283937500001,-0.1170574334,1
12,253,0.039736566875000046,3.549395641,2
12,254,0.11398603491249999,0.7988164897,5
12,255,0.04684090737500002,2.038526212,2
12,256,0.002551209250000002,-0.244323596,1
12,257,0.251819749775,0.7086114818,5
12,258,0.1868036847375,0.2176866351,5
12,259,0.14743242987500002,1.059375644,5
12,260,0.24426115912875002,0.02183843597,5
13,261,0.10279287209999999,0.4428672802,4
13,262,-0.002265134000000002,1.905362392,1
13,263,0.100675599625,1.706110754,4
13,264,0.102813021625,1.19442993,4
13,265,0.029428255250000035,2.337429698,2
13,266,0.049851850625,1.177181872,3
13,267,0.06805411587499999,1.065016846,3
13,268,0.045109504375,1.517900558,2
13,269,0.095063902,1.243615628,4
13,270,0.04755296912499998,1.612745448,2
13,271,0.035867280249999994,1.305327353,2
14,272,0.24550701872499997,0.2859305912,5
14,273,0.02275502562499998,2.036643181,2
14,274,0.12403247857500001,0.9495681734,5
14,275,0.06662785737499999,1.400560617,3
14,276,0.195459182275,0.3707698728,5
14,277,0.13778983224999997,1.129925988,5
14,278,0.12204819762499997,1.094006368,5
14,279,0.38042190940000004,-0.7548048172,5
14,280,0.23477914478749998,0.5538893907,5
15,281,0.03301050150000001,1.510343931,2
15,282,0.02592299012499999,1.782682745,2
15,283,0.00712275725,1.617695561,1
15,284,0.12214233919999999,0.7054894094,5
15,285,0.05894100799999999,1.129313794,3
15,286,0.04001616875,1.192331974,2
15,287,0.0064378904999999875,1.253345728,1
15,288,0.10816667460000001,0.9409694702,5
16,289,0.011078916999999966,2.40293284,1
16,290,0.03266736662499997,2.118700575,2
16,291,0.052340410124999986,1.773931635,3
16,292,0.04312338575000002,1.659569275,2
17,293,0.05106977562500001,1.484934097,3
17,294,0.081123994,1.963922882,4
17,295,0.05832216899999998,1.480555577,3
17,296,-0.022530043750000034,2.03977353,1
17,297,0.017757084624999975,2.41455017,1
17,298,-0.021305332124999993,2.158473043,1
17,299,0.008261424750000024,2.465452467,1
18,300,0.05640337375000001,1.479294905,3
18,301,0.1693713026875,-0.2606415975,5
18,302,0.03241621524999999,1.71925785,2
18,303,0.0687357741375,0.1455624323,3
18,304,0.0481333321375,0.9513818389,3
18,305,0.0739974422375,0.8340324881,4
18,306,0.072854111625,1.152580966,4
18,307,0.1070227047375,0.1701833701,5
18,308,0.10883493782499999,-0.1369740112,5
18,309,-0.05321458562500003,3.463833091,1
18,310,-0.04918780675000001,3.190308098,1
18,311,0.006412122750000027,2.302602436,1
18,312,0.03272134337499999,1.35141043,2
18,313,0.056012269,2.271949298,3
18,314,0.075570831,1.575003475,4
18,315,-0.012589802249999976,2.052679895,1
18,316,0.07189103517499999,0.8358457536,3
18,317,0.127795239675,0.3123864526,5
18,318,0.07295249898749999,0.4537580751,4
18,319,0.055680900874999995,1.311647073,3
18,320,0.04017732562500001,1.597277364,2
18,321,0.04762436474999998,1.438946631,3
18,322,0.05062077062500003,2.101447929,3
18,323,0.039922466675000004,0.4966574814,2
18,324,0.044114240400000004,0.5647441715,2
18,325,0.082287458375,0.709804897,4
18,326,0.0460554255,1.141071506,2
19,327,0.03423404275,1.507912192,2
19,328,0.05271139750000001,1.291482069,3
19,329,0.057375890787499995,0.7826303977,3
19,330,0.03954176512499999,1.368663152,2
19,331,0.02844936125,1.297966322,2
19,332,0.058160909025,0.9907073908,3
19,333,0.030601375250000007,1.210011413,2
19,334,0.04337615750000001,1.703854652,2
19,335,0.010683851625000018,2.221450762,1
19,336,0.036557631749999986,1.341702463,2
19,337,0.01168688212500002,1.766764101,1
19,338,0.03652951174999999,1.431907067,2
19,339,0.009545331125,1.770244855,1
19,340,-0.014956287250000005,1.706527661,1
19,341,0.024146211375000004,1.547260066,2
19,342,-0.004751935624999981,2.256705883,1
19,343,0.017856936374999993,1.586592773,1
19,344,0.04802730587500001,1.442204267,3
19,345,0.03215039850000001,1.71715204,2
20,346,0.22003694865,-0.2930976022,5
20,347,0.16315714685,0.7084133942,5
20,348,0.062191642374999995,1.964743953,3
20,349,0.10499541225000003,1.236446596,4
20,350,0.08894908799999998,1.845526073,4
20,351,0.147776861,1.039162129,5
20,352,0.1186519100875,0.9818179993,5
20,353,0.07484050050000002,1.11876626,4
20,354,-0.007535436499999992,2.597775102,1
20,355,0.012743552624999988,2.534966259,1
20,356,0.07508082500000002,1.621564753,4
20,357,0.017425390124999995,2.495285361,1
20,358,0.15405172202499998,0.8257028538,5
20,359,0.15231838389999997,0.8474373858,5
20,360,0.06597973875000002,2.139952464,3
20,361,0.0035253206249999947,2.824243381,1
20,362,0.13996163375000004,0.898611376,5
20,363,0.09025513312499997,1.567305345,4
20,364,0.05183541850000001,2.331591945,3
20,365,0.14504744404999997,0.9588923176,5
20,366,0.13184546165,0.3965059858,5
20,367,0.1650968009125,-0.1869955093,5
20,368,0.06238730587499999,1.915868994,3
20,369,0.04683930725000002,2.513180481,2
21,370,0.06173882024999999,1.909807705,3
21,371,0.02140961087500004,3.216200371,2
21,372,0.028304106125000006,2.683906461,2
21,373,0.07630171325000001,1.427134041,4
21,374,0.05469443624999998,2.333830175,3
21,375,0.03052174550000003,2.436333993,2
21,376,0.023263689125000014,1.586176635,2
21,377,0.05403076325,1.569616276,3
21,378,0.052355072,1.454836037,3
21,379,0.07912464775,1.148904189,4
21,380,0.07754203124999998,2.284125437,4
21,381,0.03376411562500001,1.980699485,2
21,382,0.016525797625000005,2.731810037,1
21,383,0.01901893287499995,2.543716997,1
21,384,-0.01962923387500004,3.188244248,1
21,385,0.039301080875000005,1.319634575,2
21,386,0.03587185524999997,2.341771924,2
21,387,0.09027805474999998,1.44948804,4
21,388,0.08492803574999999,1.214079516,4
21,389,0.1255394951375,0.4659212879,5
21,390,0.1592479501,0.3851821812,5
21,391,0.13455667051249998,0.8537833189,5
21,392,0.07529815825000002,1.752553452,4
21,393,0.08835385474999999,1.770550153,4
21,394,0.11905029950000004,1.352506737,5
21,395,0.083276109875,1.408499581,4
21,396,0.09883279587499999,1.19975274,4
21,397,0.24911510648125001,0.08895165315,5
21,398,0.08818441175,1.54191496,4
21,399,0.09522298403750001,0.9625295447,4
22,400,0.07637939862499998,2.185808401,4
22,401,0.12171167499999999,1.727387944,5
22,402,0.159752200875,1.31964297,5
22,403,-0.0014147994999999525,3.168688041,1
22,404,0.017329920499999985,3.155249489,1
22,405,-0.002712432124999997,2.839643016,1
22,406,0.03187887487499996,2.780930907,2
22,407,0.03578983674999997,2.565695911,2
22,408,0.029850606374999977,2.343662508,2
22,409,0.024690877249999965,2.63425901,2
22,410,0.02608309287499999,2.694151893,2
22,411,0.06221061374999998,2.401685522,3
22,412,0.04988829787499999,2.000980246,3
22,413,0.10726801950000003,1.488748974,5
22,414,0.091411228875,1.541355747,4
22,415,0.1195612383,0.9308868756,5
22,416,0.08300201999999998,1.805526878,4
22,417,0.1252946920875,0.8238620483,5
23,418,0.09239775362500002,2.041638,4
23,419,0.07987072862499997,1.887733021,4
23,420,0.10629363762499999,1.866707843,5
23,421,0.05905099887499998,2.451447565,3
23,422,0.06344163350000004,2.50240575,3
23,423,0.11263417587499999,1.924371375,5
23,424,0.07575962012500004,2.232404205,4
23,425,0.08425462374999998,2.213554288,4
23,426,0.128587377125,1.633762646,5
23,427,0.051982847,2.418463194,3
23,428,0.06227577099999998,2.29364748,3
23,429,0.07547146137499999,2.304943407,4
23,430,0.08805014862499999,2.024771573,4
23,431,0.08701216075000001,1.753729083,4
23,432,0.015421528750000024,2.567718834,1
23,433,0.059615028125000025,2.174156494,3
23,434,0.0765456685,2.057552411,4
23,435,0.06555077449999996,2.328650392,3
23,436,0.048271000374999984,2.175521379,3
23,437,0.06433489237500001,2.276616207,3
23,438,0.08398977112499997,1.950949609,4
23,439,0.05923873812499997,2.420717515,3
23,440,0.07104074512499997,1.671321744,3
23,441,0.07403828700000001,1.327821181,4
23,442,0.05679474325,2.257527676,3
23,443,0.10621886262499997,2.208377199,5
23,444,0.04874468074999999,2.508375584,3
23,445,0.054410435499999965,2.414926996,3
23,446,0.09727337962500004,2.44139795,4
23,447,0.07226646149999999,1.51487128,4
23,448,0.026786374375000033,2.437806726,2
23,449,0.03137915537499997,2.562922191,2
23,450,0.05288153362499998,2.319109161,3
23,451,0.05377730424999999,2.421581511,3
23,452,0.08510893874999997,2.192292971,4
23,453,0.22673726508750003,0.6615682353,5
23,454,0.15920603312499998,0.994426448,5
23,455,0.07037889362500002,1.475471998,3
23,456,0.09727393549999999,1.618108197,4
23,457,0.06835745475000002,1.214581507,3
23,458,0.06187826699999999,2.446054449,3
23,459,0.08744270625,2.213652266,4
23,460,0.10514144412500001,1.689772238,4
23,461,0.05363787549999999,2.357916202,3
23,462,0.130394901,1.614386456,5
23,463,0.049063664875000024,2.92966459,3
23,464,0.10066222350000001,1.64695347,4
23,465,0.08890207900000002,1.471763111,4
23,466,0.05832041525000001,1.887250064,3
23,467,0.08280862037499997,1.075000925,4
24,468,0.05544714300000003,3.193527986,3
24,469,0.06155294924999999,1.601997725,3
24,470,0.07757418087499998,1.776583941,4
24,471,0.06865260099999998,2.263049332,3
24,472,0.078103361625,1.639475211,4
24,473,0.06834054962499997,2.714445882,3
24,474,0.058743539124999966,2.121460266,3
24,475,0.06959005224999998,2.354983979,3
24,476,0.07607262975000001,2.30276706,4
24,477,0.02840850924999999,3.18184398,2
24,478,0.07576328724999998,2.075518547,4
24,479,0.04000275337500003,2.18601002,2
24,480,0.03269850725000001,2.126539528,2
24,481,0.03199903987499997,2.096036998,2
24,482,0.05047561675000001,1.899442343,3
24,483,0.056780008375000024,1.864150446,3
24,484,0.03579352362500002,1.710536329,2
24,485,-0.02239014412500001,1.592720018,1
24,486,0.04197624150000001,2.403294522,2
24,487,0.06907181499999998,1.662869427,3
24,488,0.02476060162499999,3.355601772,2
24,489,0.059557744775000004,0.5957272538,3
24,490,0.06361259012500001,1.490283713,3
24,491,0.04757697162500002,1.919509959,3
24,492,0.034410105125000034,2.207621266,2
24,493,0.046045564250000004,1.811377721,2
25,494,0.036265589875000004,2.088958846,2
25,495,-0.03653843012500002,2.855069732,1
26,496,-0.022201368,3.320139515,1
27,497,0.0759502075,1.649199102,4
27,498,0.06993952225,1.649419676,3
27,499,0.073110251125,1.580271575,4
27,500,0.09571373662499999,1.627076378,4
27,501,0.07450052062499998,1.957895356,4
27,502,0.0705259375,1.835836625,3
27,503,0.071566622375,2.056749489,3
27,504,0.08890536025000001,2.117364613,4
27,505,0.026176462125000022,2.391629246,2
27,506,0.07844731787499998,1.543210432,4
27,507,0.043557317999999984,1.700189578,2
27,508,0.093942347875,1.571638402,4
27,509,0.05091681575000001,2.24823886,3
27,510,0.06383120537499998,2.152570292,3
27,511,0.10578767312499998,1.634993819,4
27,512,0.12447912324999999,1.59171109,5
27,513,0.07598600212499998,1.890014375,4
27,514,0.08357315725,1.814324806,4
27,515,0.07754770112499998,1.90001226,4
27,516,0.06479288375000003,2.083682508,3
27,517,0.019358997125,2.056900624,2
27,518,0.011475503374999974,1.470305176,1
27,519,0.006520353374999982,1.485705709,1
27,520,0.03792259600000003,2.769546647,2
27,521,0.05605466412499999,2.474523414,3
27,522,0.077030343,2.317852716,4
27,523,0.07933998312499999,1.999246997,4
27,524,0.116695195625,1.389096824,5
27,525,0.10127914125000001,1.728756167,4
27,526,0.05503999237499996,2.441487926,3
27,527,0.07988008937500002,1.716023024,4
27,528,0.016374276374999996,1.349970134,1
27,529,0.13649236201249998,0.2836961329,5
27,530,0.056164127625000004,1.31466597,3
27,531,0.08285887112500001,1.646273093,4
28,532,0.06428278425,2.214956811,3
28,533,0.055454848,2.217561188,3
28,534,0.08169421124999998,2.19984162,4
28,535,0.07230884812499999,2.638440052,4
28,536,-0.023467248875000013,2.745268879,1
28,537,0.031000416500000016,3.108064718,2
28,538,0.044228581249999954,2.607298892,2
28,539,0.07540121162500002,2.367704511,4
28,540,0.07475953275000002,2.006247883,4
28,541,0.07421192124999998,1.973098835,4
28,542,0.07872617399999998,1.258692434,4
28,543,0.06315972949999998,1.1271599,3
28,544,0.022574405500000005,2.231601689,2
28,545,0.06542902437499998,1.6160258,3
28,546,0.10123894300000003,1.312458,4
28,547,0.07074366712500002,1.819804838,3
28,548,0.05679282462499999,1.882336218,3
28,549,0.06427306499999999,1.965801448,3
28,550,0.05084359837500002,2.321014868,3
28,551,0.07195676599999998,1.757475026,4
28,552,0.042015253,1.853120924,2
28,553,0.06397517637499997,1.845653766,3
28,554,0.06182592149999999,2.070856,3
29,555,0.07544249412500001,1.606407085,4
29,556,0.082750476125,1.81250245,4
29,557,0.10625595425,1.64494513,5
29,558,0.04397257162500001,2.146197667,2
29,559,0.03228647374999999,2.366892582,2
29,560,0.039253858375000006,2.237442573,2
29,561,0.09493676949999999,1.674716136,4
29,562,0.06931047775000002,1.875665028,3
29,563,0.07804831200000001,1.391939899,4
29,564,0.09505019412500001,1.66058659,4
29,565,0.015112800500000023,2.705947937,1
29,566,0.08661417225000001,2.188553192,4
29,567,0.104657525625,1.747752348,4
29,568,0.06816550525000001,1.686225659,3
29,569,0.06064420312500002,1.150660426,3
29,570,0.099770136625,1.487828254,4
29,571,0.08783035849999998,2.156727988,4
29,572,0.013379871875000005,2.946465764,1
29,573,0.07649637874999998,2.042226642,4
29,574,0.11579996937499998,1.917040869,5
29,575,0.054039576125000016,1.769625974,3
29,576,0.0985925725125,0.6838789309,4
29,577,0.036440638375,2.271648423,2
29,578,0.07108224675000002,1.826387049,3
29,579,0.026781105125000038,2.399146262,2
29,580,0.013832220375000037,2.306984632,1
29,581,0.08688633374999999,2.372597298,4
29,582,0.06883422975000003,2.164409534,3
29,583,0.07352174987499999,3.004100702,4
29,584,0.05617362337499998,2.644881052,3
30,585,0.01784514887500005,2.868674567,1
30,586,0.020583852999999985,2.648401369,2
31,587,0.085939558225,0.2090066117,4
32,588,0.20406398495,-0.5084198806,5
32,589,0.1827851115625,-0.5929704072,5
32,590,0.224873839775,-1.271247053,5
32,591,0.16467423949999999,-0.6791053442,5
32,592,0.228599518025,-1.011340161,5
32,593,0.1323367358,0.4151545636,5
32,594,0.1384956171875,0.4660936195,5
32,595,0.08163607687499996,1.595537385,4
32,596,0.1809964798125,-0.2774908365,5
32,597,0.14387737034125,0.02823766627,5
32,598,0.1306112130125,0.3921394449,5
32,599,0.1427600870125,0.2147749729,5
32,600,0.132667307225,0.4734122952,5
32,601,0.101729496,1.016137923,4
33,602,0.04748776025000001,2.629252654,2
33,603,0.02735049912500001,1.438504064,2
33,604,0.04535930899999996,2.418398186,2
33,605,0.049445614375,1.800426164,3
33,606,0.049240381,1.814257194,3
33,607,0.035245368249999964,1.912443542,2
33,608,0.04095501224999998,2.065929118,2
33,609,0.055591493625000044,2.009482833,3
33,610,0.06693436662499999,1.769452745,3
33,611,0.0073599728749999815,1.702651254,1
33,612,0.07371149012499997,1.644315216,4
33,613,0.07880470262500003,1.894220799,4
33,614,0.053603289374999974,1.895089896,3
33,615,0.086700288875,1.868100092,4
33,616,0.07751311787499998,2.005214659,4
33,617,0.013343901874999953,2.196530865,1
33,618,0.076880719875,1.597461226,4
33,619,0.09210319450000001,1.428749381,4
33,620,0.07106648024999998,1.62105827,3
33,621,0.09827886187500001,1.558393599,4
33,622,0.09377475500000002,1.374585457,4
33,623,0.0664345415,1.493470146,3
33,624,0.07906363799999999,1.028699056,4
33,625,0.07596593662499998,1.605509173,4
33,626,0.11027571787500001,1.122478524,5
33,627,0.07191587962500001,1.943427856,3
33,628,0.050128363625000005,1.834186952,3
33,629,0.056218339000000006,1.360350987,3
33,630,0.11457237600000003,1.293039629,5
33,631,0.125676030125,1.637352821,5
33,632,0.07274717825000002,1.945373087,4
33,633,0.08344106462499998,1.920174584,4
34,634,-0.0011977232499999768,1.905876604,1
34,635,-0.007910621750000013,2.100315256,1
34,636,0.05873062985,0.3375997738,3
34,637,-0.004367302874999979,2.487431172,1
35,638,-0.038142364875,1.978964582,1
35,639,0.044031014750000014,1.369414492,2
35,640,0.019989062624999998,2.120682953,2
