pc11_state_id,pc11_district_id,growth_annual,local_I,p_unadjusted,significant_fdr05,cluster
01,001,0.0015514858750000082,0.8081616716587053,0.1,False,not significant
01,002,0.054101283499999986,0.13050316088571362,0.051,False,not significant
01,003,0.16412869012500003,2.38565929572909,0.073,False,not significant
01,004,0.17239441425,-0.12261638831800939,0.451,False,not significant
01,005,0.040282490000000004,0.23775350375433585,0.126,False,not significant
01,006,0.033895461000000016,0.4034520509837415,0.037,False,not significant
01,007,-0.010711035499999966,1.1499594278684182,0.023,False,not significant
01,008,0.03027972949999999,0.3711056137839906,0.056,False,not significant
01,009,0.004450450124999977,0.16155863468991172,0.369,False,not significant
01,010,0.03543684137499997,0.2763018506800876,0.079,False,not significant
01,011,0.04816985037499999,0.047555010952810874,0.393,False,not significant
01,012,0.03935699737500001,0.24661637829093513,0.122,False,not significant
01,013,0.019181258625000003,0.4297085862561156,0.117,False,not significant
01,014,0.020652840125000016,0.21231052374131373,0.187,False,not significant
01,015,0.011664303362500003,0.4938355059023226,0.047,False,not significant
01,016,0.009124399125000016,0.5967746335402109,0.047,False,not significant
01,017,0.031031524624999973,0.4756753466558158,0.02,False,not significant
01,018,0.07888610862500003,-0.002037283285388078,0.466,False,not significant
01,019,0.009374961999999987,0.826297187820817,0.006,True,low-low
01,020,0.021887755249999974,0.5596459452101957,0.023,False,not significant
01,021,0.001710738374999965,0.8120680920057259,0.03,False,not significant
01,022,0.0028301557500000074,1.0615358248931086,0.012,False,not significant
02,023,0.029281899499999986,-0.03955317536654298,0.416,False,not significant
02,024,0.03379507825,0.24379068057039013,0.119,False,not significant
02,025,0.11110280225,-0.5681894013530718,0.019,False,not significant
02,026,-0.011940463375000016,0.4116094521253217,0.236,False,not significant
02,027,0.033324860250000005,0.36365616283388463,0.029,False,not significant
02,028,0.031301850500000006,0.34278523519803983,0.103,False,not significant
02,029,0.03783354949999995,0.3077079585722349,0.109,False,not significant
02,030,0.012027279374999977,0.48254359488143256,0.123,False,not significant
02,031,0.026267903749999988,0.38272303770627236,0.107,False,not significant
02,032,0.01895575174999997,0.3213171612439088,0.282,False,not significant
02,033,0.05540881950000001,0.1675184562016316,0.017,False,not significant
02,034,-0.0003220429999999941,0.27244474628283544,0.352,False,not significant
03,035,-0.005914397874999977,0.7048975002705897,0.125,False,not significant
03,036,0.03869465975000003,0.30938432003190414,0.02,False,not significant
03,037,0.02193774887500005,0.31162665328619166,0.135,False,not significant
03,038,0.038459506874999994,0.3543468105997543,0.064,False,not significant
03,039,0.08522887624999997,-0.13588018930417478,0.144,False,not significant
03,040,0.04360343524999999,0.18148195278257295,0.163,False,not significant
03,041,0.029898397750000028,0.2368134424721018,0.134,False,not significant
03,042,0.025239422249999977,0.4696323913562743,0.025,False,not significant
03,043,0.022197137749999984,0.5709767549195806,0.013,False,not significant
03,044,-0.013733321749999972,1.013890017801657,0.055,False,not significant
03,045,0.024958217625,0.6118232960790317,0.015,False,not significant
03,046,0.0018158087499999809,0.8832548161140753,0.019,False,not significant
03,047,-0.007742121875000008,0.793745256639919,0.098,False,not significant
03,048,0.032618209374999985,0.18178008811200602,0.287,False,not significant
03,049,0.007821882999999974,0.8254529025485654,0.034,False,not significant
03,050,-0.00012345512500000488,0.7381760771262668,0.093,False,not significant
03,051,0.048556862749999985,0.07157388254638923,0.366,False,not significant
03,052,0.058771001125,0.07993706054059753,0.299,False,not significant
03,053,0.037943197375000015,0.30194480421090947,0.053,False,not significant
03,054,0.03338498775000004,0.4215446542286057,0.026,False,not significant
04,055,0.01731863662500005,-0.0,,False,no contiguous neighbor
05,056,-0.008147782500000006,1.2235527526779975,0.008,False,not significant
05,057,-0.021396470249999966,1.6922930802492466,0.001,True,low-low
05,058,0.0046678553750000296,1.1357626145865987,0.003,True,low-low
05,059,-0.025058449500000024,1.1277666632287335,0.034,False,not significant
05,060,0.045862396625000024,0.3448973655583134,0.012,False,not significant
05,061,0.027637824874999967,0.6611019744637875,0.002,True,low-low
05,062,-0.03484651675000003,2.2850009906597784,0.001,True,low-low
05,063,-0.018164902750000017,2.0455202113982676,0.001,True,low-low
05,064,-0.036993420624999995,1.9481721070325484,0.001,True,low-low
05,065,-0.022434817999999995,1.7276081669724304,0.001,True,low-low
05,066,0.012621844374999969,0.9683821020624588,0.004,True,low-low
05,067,0.012416029499999981,0.9728059082006947,0.027,False,not significant
05,068,0.019372111250000046,0.3662232914047563,0.248,False,not significant
06,069,0.03733231612499999,0.36194100329145346,0.209,False,not significant
06,070,0.019032615249999996,0.6560270505503051,0.082,False,not significant
06,071,0.015108188124999977,-0.0,,False,no contiguous neighbor
06,072,-0.012810749500000052,1.7127171176010598,0.003,True,low-low
06,073,-0.054004730374999976,2.448978746155612,0.004,True,low-low
06,074,-0.026294639625000005,1.7547843973120212,0.002,True,low-low
06,075,-0.03623770062499998,1.9425153420267662,0.006,True,low-low
06,076,0.0052936218749999875,1.5672673860402087,0.026,False,not significant
06,077,-0.008294636625000018,1.5438476388685896,0.001,True,low-low
06,078,-0.007449902750000015,1.2101470807982082,0.015,False,not significant
06,079,-0.011628889874999992,1.0238538353514495,0.09,False,not significant
06,080,0.023348975250000015,0.7704801043170293,0.005,True,low-low
06,081,-0.0017612411249999793,0.9968590252776046,0.006,True,low-low
06,082,0.0022273387500000297,1.0035477183476451,0.018,False,not significant
06,083,0.02278165674999999,0.7102583684421195,0.012,False,not significant
06,084,-0.012175950499999977,1.3675153022913384,0.001,True,low-low
06,085,0.004518220000000017,0.8239050172746565,0.012,False,not significant
06,086,0.019970996374999994,0.4688640561339512,0.125,False,not significant
06,087,0.05501702487499999,0.16831246195746455,0.022,False,not significant
06,088,-0.001018224749999963,-0.0,,False,no contiguous neighbor
06,089,0.034132859125000026,0.26634886431896543,0.24,False,not significant
07,090,-0.021694289749999984,2.0088493628154933,0.034,False,not significant
07,091,-0.027305765375000013,2.415209828572053,0.015,False,not significant
07,092,-0.037800205125000014,1.7163015011310776,0.043,False,not significant
07,093,-0.039833294750000026,2.556105942826458,0.001,True,low-low
07,094,-0.027645668750000074,2.144918839050014,0.001,True,low-low
07,095,-0.03657311437499999,2.268726908056916,0.001,True,low-low
07,096,-0.025471190874999994,1.9380251506470636,0.003,True,low-low
07,097,0.0026913024999999924,1.5283500461518484,0.001,True,low-low
07,098,-0.028704614750000024,2.0759257951739536,0.003,True,low-low
08,099,0.03896792575000002,0.2266878525031261,0.243,False,not significant
08,100,0.03631619012500001,0.38079567347613247,0.036,False,not significant
08,101,0.035040554124999956,0.2938900407251319,0.064,False,not significant
08,102,0.010103214125000037,0.8865005391741801,0.003,True,low-low
08,103,-0.02970636912500002,1.7986394086812856,0.006,True,low-low
08,104,-6.79249999999687e-05,0.9863115179329041,0.004,True,low-low
08,105,0.0011423946249999872,1.1420094645485495,0.006,True,low-low
08,106,-0.0008270659999999874,1.1336359588123566,0.044,False,not significant
08,107,-0.002434976374999953,1.2011697137894164,0.006,True,low-low
08,108,-0.003224308875000026,1.0895581595442987,0.004,True,low-low
08,109,-0.009436721749999988,1.2102631040092602,0.003,True,low-low
08,110,0.006734475500000003,0.9763392137740281,0.002,True,low-low
08,111,-0.02434860124999999,1.5728588825693417,0.002,True,low-low
08,112,0.009843178374999983,0.6494750896627273,0.014,False,not significant
08,113,0.03194188462500003,0.2048204672259534,0.216,False,not significant
08,114,0.05903340374999999,0.056633478211579005,0.241,False,not significant
08,115,0.05981423537499997,0.0394898824746054,0.283,False,not significant
08,116,0.0439239075,0.029774297718463655,0.495,False,not significant
08,117,0.07051479862500004,-0.011745274500524427,0.291,False,not significant
08,118,0.05881029225000001,0.06272874279479027,0.095,False,not significant
08,119,0.03249847100000003,0.35266998078640976,0.04,False,not significant
08,120,0.014960025749999994,0.6851331640262464,0.009,False,not significant
08,121,0.022972989750000006,0.6200781582270302,0.019,False,not significant
08,122,0.035945389500000036,0.34830717117293863,0.042,False,not significant
08,123,0.03437972975000003,0.26712414215838465,0.117,False,not significant
08,124,0.05182856837500002,0.16122988849203537,0.116,False,not significant
08,125,0.01539332362500001,0.36300188361244246,0.279,False,not significant
08,126,0.009783935000000021,0.5857657119584856,0.055,False,not significant
08,127,-0.004806353875000002,0.955496429448616,0.021,False,not significant
08,128,0.02312171125000001,0.6838093604382812,0.058,False,not significant
08,129,0.01401199787499996,0.7631479652472444,0.064,False,not significant
08,130,0.03835285362499996,0.18616857658901154,0.156,False,not significant
08,131,0.02692162974999998,0.3874834998268081,0.095,False,not significant
09,132,0.0631365475,0.08228112725932128,0.045,False,not significant
09,133,0.026169058999999995,0.11800191608181079,0.389,False,not significant
09,134,0.062128352624999994,0.03669318471958383,0.222,False,not significant
09,135,0.050501136375000005,0.004472881152938965,0.474,False,not significant
09,136,0.022582921000000006,-0.12931845347570003,0.346,False,not significant
09,137,0.065054049625,0.005606778814809682,0.418,False,not significant
09,138,0.02953756624999998,0.16371317290498394,0.285,False,not significant
09,139,0.07087817325000001,-0.025863519356850075,0.121,False,not significant
09,140,0.027962176750000012,0.30456888642922886,0.109,False,not significant
09,141,0.015810188125000013,0.28710726415841575,0.25,False,not significant
09,142,0.07527787275000003,-0.0236386529006402,0.333,False,not significant
09,143,0.04349876150000001,0.049692676037319035,0.402,False,not significant
09,144,0.019131251874999977,0.1736476519781096,0.319,False,not significant
09,145,0.028068209374999986,0.4707452945410869,0.076,False,not significant
09,146,-0.005575235250000032,0.5845783511005923,0.123,False,not significant
09,147,0.03268719087500002,0.3572494234947352,0.081,False,not significant
09,148,0.014646386750000018,0.20579902786680174,0.303,False,not significant
09,149,0.1187502508125,0.02428443134827586,0.443,False,not significant
09,150,0.07096340900000003,0.005158581623851013,0.378,False,not significant
09,151,0.07481374439999999,0.04239344329032278,0.232,False,not significant
09,152,0.087771253125,0.19499983504797408,0.069,False,not significant
09,153,0.1262784477625,0.7498350924400338,0.045,False,not significant
09,154,0.1528565740375,0.712058909419873,0.119,False,not significant
09,155,0.1540294446375,0.32308929122693913,0.23,False,not significant
09,156,0.10667773624999999,0.07529193262258663,0.365,False,not significant
09,157,0.014250625374999992,-0.5773128950603955,0.078,False,not significant
09,158,0.07098813825,0.00805427767237862,0.313,False,not significant
09,159,0.1146757567875,0.1849380255199562,0.242,False,not significant
09,160,0.01804098737500001,-0.003685008636092098,0.49,False,not significant
09,161,-0.004294414875000041,0.6042724999048049,0.089,False,not significant
09,162,0.05385894375,0.06645205148008132,0.293,False,not significant
09,163,0.09541887224999998,-0.062241437795252166,0.393,False,not significant
09,164,0.05114112937499998,-0.09540161062089893,0.188,False,not significant
09,165,0.085854508,-0.042075850553421855,0.386,False,not significant
09,166,0.06190039012499998,-0.029216505719613508,0.273,False,not significant
09,167,0.085313996625,-0.025697233022071542,0.482,False,not significant
09,168,0.08415359987499998,0.05809712230646507,0.265,False,not significant
09,169,0.09531524737500002,0.0958146322567266,0.318,False,not significant
09,170,0.10291787250000001,0.18264437149111784,0.249,False,not significant
09,171,0.08991967099999998,0.07326117558489131,0.326,False,not significant
09,172,0.09152257787500001,0.10429381640488751,0.19,False,not significant
09,173,0.08530873037499997,0.11733818146397582,0.15,False,not significant
09,174,0.10424783525,0.05286304180492254,0.389,False,not significant
09,175,0.03057780250000003,-0.457046347093487,0.034,False,not significant
09,176,0.08066047737500001,0.0629209029203446,0.192,False,not significant
09,177,0.07081618612500001,0.014566352982118391,0.211,False,not significant
09,178,0.132710466425,0.4076675600201849,0.173,False,not significant
09,179,0.10305224725000003,0.3321779488315451,0.05,False,not significant
09,180,0.14194222345000002,0.7561229529859654,0.085,False,not significant
09,181,0.12455257326250001,0.5509065511384207,0.153,False,not significant
09,182,0.11409455386249999,0.3387269992421445,0.203,False,not significant
09,183,0.071409156375,0.0247439644616088,0.099,False,not significant
09,184,0.10136954487500001,0.18816999147534097,0.183,False,not significant
09,185,0.0692703265,0.007666540074091578,0.154,False,not significant
09,186,0.113147017875,0.2871132116125925,0.208,False,not significant
09,187,0.1073492874625,0.36898795359650105,0.163,False,not significant
09,188,0.07645403775000001,0.08593909357254459,0.034,False,not significant
09,189,0.14520103369999998,0.5191088562911633,0.219,False,not significant
09,190,0.10550532174999999,0.30566803552285365,0.15,False,not significant
09,191,0.13525918258750003,0.6495573715832289,0.071,False,not significant
09,192,0.05354573812499999,-0.15160545731193126,0.083,False,not significant
09,193,0.13486002337500003,0.31972961163298796,0.27,False,not significant
09,194,0.18107606457500003,0.5853954068474221,0.187,False,not significant
09,195,0.10580524375,0.3169749407930172,0.1,False,not significant
09,196,0.07242616387499998,0.015125767998558179,0.306,False,not significant
09,197,0.04383979437500002,-0.31665123140562496,0.042,False,not significant
09,198,0.12559707525,0.38107900849349835,0.2,False,not significant
09,199,0.12853207587499998,-0.04057999329093374,0.499,False,not significant
09,200,0.05441160149999996,-0.10615664762549293,0.215,False,not significant
09,201,0.09929587774999998,-0.16340335910276807,0.212,False,not significant
09,202,0.10148741437499997,0.08646554135721517,0.326,False,not significant
10,203,0.2346042170125,8.145989420025638,0.002,True,high-high
10,204,0.3064556103875,11.937459797852538,0.001,True,high-high
10,205,0.3507523333125,15.411117081561201,0.001,True,high-high
10,206,0.28704252617500003,11.300137387632397,0.001,True,high-high
10,207,0.24630473891250002,6.349920005493526,0.001,True,high-high
10,208,0.15191080820000002,3.109776281696872,0.001,True,high-high
10,209,0.21004026235,3.663924314388313,0.004,True,high-high
10,210,0.1356740327,1.184999205350277,0.041,False,not significant
10,211,0.1757400658,2.8756306367216857,0.002,True,high-high
10,212,0.1917837049575,1.4807208975173956,0.11,False,not significant
10,213,0.24239733013349998,4.820637035954423,0.001,True,high-high
10,214,0.19664499635,4.804612532593547,0.001,True,high-high
10,215,0.23475316214999997,7.02049003041805,0.001,True,high-high
10,216,0.183652949875,4.468056928471823,0.034,False,not significant
10,217,0.24018542226999998,7.597068260726671,0.001,True,high-high
10,218,0.294461478225,7.59825546660435,0.007,False,not significant
10,219,0.177637643275,3.7974971856790036,0.001,True,high-high
10,220,0.2201590962125,2.2318925364942785,0.103,False,not significant
10,221,0.23035255775000002,4.468056928471823,0.066,False,not significant
10,222,0.15007979793749998,2.0601198705884034,0.005,True,high-high
10,223,0.2492883868375,5.1020814586352925,0.001,True,high-high
10,224,0.12128286737499999,1.7835193444577666,0.001,True,high-high
10,225,0.22219950575,4.769422352972932,0.004,True,high-high
10,226,0.17235009237499999,3.4174880543669275,0.001,True,high-high
10,227,0.1909804446,3.164755424260786,0.001,True,high-high
10,228,0.22337514875,5.8511651000923415,0.001,True,high-high
10,229,0.12927713587500003,1.8252027809021136,0.001,True,high-high
10,230,0.08183095399999998,0.43288236639926714,0.001,True,high-high
10,231,0.23131384916250003,4.800843106189215,0.001,True,high-high
10,232,0.1988207664625,4.464545324550895,0.003,True,high-high
10,233,0.19860742456249997,4.150871628365181,0.009,False,not significant
10,234,0.20431143740000002,5.129299991314048,0.001,True,high-high
10,235,0.206744774475,5.068075500420685,0.001,True,high-high
10,236,0.16510248156250001,3.6501440379670984,0.001,True,high-high
10,237,0.28425427071250003,7.028284865974108,0.002,True,high-high
10,238,0.30026394500000003,8.331407130423418,0.001,True,high-high
10,239,0.21484160102500002,3.486074451554319,0.006,True,high-high
10,240,0.2950080082125,6.269583409243035,0.001,True,high-high
11,241,-0.11965440562500002,5.221608888442077,0.001,True,low-low
11,242,-0.09136709799999998,5.591342544771862,0.001,True,low-low
11,243,-0.037677077125000014,3.633136606688364,0.001,True,low-low
11,244,-0.015862968000000033,2.9454368136390965,0.001,True,low-low
12,245,0.13949797400000002,0.5101710634437627,0.22,False,not significant
12,246,0.048293584,-0.3588309377819347,0.064,False,not significant
12,247,0.14804661965000002,-0.14566251190923743,0.454,False,not significant
12,248,0.051836369125000004,0.009270272896750541,0.478,False,not significant
12,249,0.068782316175,-0.00201705621305894,0.387,False,not significant
12,250,0.11245920951249999,-0.10990524218872184,0.419,False,not significant
12,251,0.12349895574999997,0.38149968779820087,0.203,False,not significant
12,252,-0.007982283937500001,-1.8259342443654931,0.006,True,low-high
12,253,0.039736566875000046,-0.6814593773832741,0.012,False,not significant
12,254,0.11398603491249999,-0.31093632102380825,0.345,False,not significant
12,255,0.04684090737500002,0.047280343168746,0.427,False,not significant
12,256,0.002551209250000002,-0.1674021606364782,0.33,False,not significant
12,257,0.251819749775,0.9299303711152945,0.27,False,not significant
12,258,0.1868036847375,2.366752986497798,0.006,True,high-high
12,259,0.14743242987500002,1.6781339312302357,0.021,False,not significant
12,260,0.24426115912875002,2.372562988399553,0.077,False,not significant
13,261,0.10279287209999999,-0.09584284392778752,0.427,False,not significant
13,262,-0.002265134000000002,-0.18450257400188866,0.329,False,not significant
13,263,0.100675599625,-0.06209671013741056,0.415,False,not significant
13,264,0.102813021625,-0.2011093045442468,0.226,False,not significant
13,265,0.029428255250000035,0.056520914735184384,0.472,False,not significant
13,266,0.049851850625,-0.056484273605430436,0.32,False,not significant
13,267,0.06805411587499999,-2.7833742079124777e-06,0.459,False,not significant
13,268,0.045109504375,0.06605801538828336,0.415,False,not significant
13,269,0.095063902,0.029961309167538558,0.401,False,not significant
13,270,0.04755296912499998,0.021969026549920154,0.465,False,not significant
13,271,0.035867280249999994,0.22905200882624213,0.269,False,not significant
14,272,0.24550701872499997,3.905483492044855,0.001,True,high-high
14,273,0.02275502562499998,-1.0372600219499666,0.016,False,not significant
14,274,0.12403247857500001,0.7844414127785311,0.008,False,not significant
14,275,0.06662785737499999,-0.04004084512500999,0.004,True,low-high
14,276,0.195459182275,2.6404308065435775,0.001,True,high-high
14,277,0.13778983224999997,1.4818523952638076,0.01,False,not significant
14,278,0.12204819762499997,0.9885965927632308,0.014,False,not significant
14,279,0.38042190940000004,12.811774707513246,0.002,True,high-high
14,280,0.23477914478749998,6.6850777106288986,0.001,True,high-high
15,281,0.03301050150000001,0.36796576955668714,0.11,False,not significant
15,282,0.02592299012499999,0.48534230197300887,0.117,False,not significant
15,283,0.00712275725,0.012304448722288959,0.486,False,not significant
15,284,0.12214233919999999,-0.062097757345033734,0.493,False,not significant
15,285,0.05894100799999999,0.02595447801216857,0.417,False,not significant
15,286,0.04001616875,0.17111128753806756,0.189,False,not significant
15,287,0.0064378904999999875,-0.0869791920834222,0.396,False,not significant
15,288,0.10816667460000001,-0.4289236848845424,0.145,False,not significant
16,289,0.011078916999999966,0.3500275911109571,0.306,False,not significant
16,290,0.03266736662499997,0.3092060788065119,0.206,False,not significant
16,291,0.052340410124999986,0.1483675952460802,0.141,False,not significant
16,292,0.04312338575000002,0.09479159453363925,0.439,False,not significant
17,293,0.05106977562500001,-0.006268170204367689,0.443,False,not significant
17,294,0.081123994,-0.12110581161937328,0.141,False,not significant
17,295,0.05832216899999998,0.0744790035827102,0.192,False,not significant
17,296,-0.022530043750000034,0.7406609669258841,0.134,False,not significant
17,297,0.017757084624999975,0.9633013870629936,0.005,True,low-low
17,298,-0.021305332124999993,1.431372600328233,0.019,False,not significant
17,299,0.008261424750000024,1.0004787203950662,0.04,False,not significant
18,300,0.05640337375000001,-0.05686737738287669,0.258,False,not significant
18,301,0.1693713026875,-0.48342183370923414,0.307,False,not significant
18,302,0.03241621524999999,-0.14651929927359134,0.265,False,not significant
18,303,0.0687357741375,-0.0032464871154928173,0.168,False,not significant
18,304,0.0481333321375,-0.013770768530050199,0.418,False,not significant
18,305,0.0739974422375,-0.02798936101960081,0.263,False,not significant
18,306,0.072854111625,-0.004944723858376681,0.462,False,not significant
18,307,0.1070227047375,-0.2491192213574771,0.208,False,not significant
18,308,0.10883493782499999,-0.6464401540536149,0.02,False,not significant
18,309,-0.05321458562500003,1.111432469205642,0.198,False,not significant
18,310,-0.04918780675000001,0.7795842224012484,0.173,False,not significant
18,311,0.006412122750000027,1.1265692393684146,0.023,False,not significant
18,312,0.03272134337499999,0.2502285935376306,0.156,False,not significant
18,313,0.056012269,0.012792491404375873,0.498,False,not significant
18,314,0.075570831,-0.04721086371002755,0.21,False,not significant
18,315,-0.012589802249999976,-0.10854438874145492,0.396,False,not significant
18,316,0.07189103517499999,-0.004832070739071349,0.488,False,not significant
18,317,0.127795239675,0.06021044831413773,0.408,False,not significant
18,318,0.07295249898749999,0.03598409222252844,0.208,False,not significant
18,319,0.055680900874999995,-0.015616229856132766,0.391,False,not significant
18,320,0.04017732562500001,0.07991025467123725,0.408,False,not significant
18,321,0.04762436474999998,0.07445384374058356,0.294,False,not significant
18,322,0.05062077062500003,0.03705962111988432,0.452,False,not significant
18,323,0.039922466675000004,0.09913294114801569,0.383,False,not significant
18,324,0.044114240400000004,0.08074177010810225,0.319,False,not significant
18,325,0.082287458375,-0.05592065310714094,0.282,False,not significant
18,326,0.0460554255,0.00934856040273846,0.468,False,not significant
19,327,0.03423404275,0.1787563640896728,0.345,False,not significant
19,328,0.05271139750000001,0.08266885265720302,0.346,False,not significant
19,329,0.057375890787499995,0.03993436503531662,0.452,False,not significant
19,330,0.03954176512499999,0.027747212500966064,0.491,False,not significant
19,331,0.02844936125,0.18337189755705738,0.359,False,not significant
19,332,0.058160909025,-0.010541578321315047,0.397,False,not significant
19,333,0.030601375250000007,0.277993887770973,0.167,False,not significant
19,334,0.04337615750000001,0.28151485183464214,0.127,False,not significant
19,335,0.010683851625000018,0.6117272700683686,0.031,False,not significant
19,336,0.036557631749999986,0.34579669813007546,0.059,False,not significant
19,337,0.01168688212500002,0.531437353086081,0.101,False,not significant
19,338,0.03652951174999999,0.3380523613891305,0.031,False,not significant
19,339,0.009545331125,0.6733467054916371,0.052,False,not significant
19,340,-0.014956287250000005,0.9014823272309981,0.107,False,not significant
19,341,0.024146211375000004,0.4092291564784417,0.092,False,not significant
19,342,-0.004751935624999981,-0.0,,False,no contiguous neighbor
19,343,0.017856936374999993,0.603789310081026,0.119,False,not significant
19,344,0.04802730587500001,0.2439451197946466,0.028,False,not significant
19,345,0.03215039850000001,0.27606473782067986,0.251,False,not significant
20,346,0.22003694865,3.0798336179069112,0.046,False,not significant
20,347,0.16315714685,0.8579267651530483,0.118,False,not significant
20,348,0.062191642374999995,-0.02475541557475824,0.306,False,not significant
20,349,0.10499541225000003,-0.14133089932072565,0.288,False,not significant
20,350,0.08894908799999998,0.21573918462831926,0.116,False,not significant
20,351,0.147776861,0.8159379026695692,0.116,False,not significant
20,352,0.1186519100875,0.5192436561676209,0.163,False,not significant
20,353,0.07484050050000002,0.10678545964632893,0.051,False,not significant
20,354,-0.007535436499999992,-0.020648619681156683,0.449,False,not significant
20,355,0.012743552624999988,0.3499150332901242,0.207,False,not significant
20,356,0.07508082500000002,0.0720539202104906,0.116,False,not significant
20,357,0.017425390124999995,0.2586131477313347,0.405,False,not significant
20,358,0.15405172202499998,2.2602671979582465,0.007,False,not significant
20,359,0.15231838389999997,1.294453424058211,0.013,False,not significant
20,360,0.06597973875000002,0.0009385366538378918,0.481,False,not significant
20,361,0.0035253206249999947,0.38065157123201143,0.268,False,not significant
20,362,0.13996163375000004,0.5526281515926221,0.149,False,not significant
20,363,0.09025513312499997,0.07058059866070789,0.309,False,not significant
20,364,0.05183541850000001,-0.11623205992690777,0.096,False,not significant
20,365,0.14504744404999997,0.4293908812833875,0.192,False,not significant
20,366,0.13184546165,0.7547542436854698,0.054,False,not significant
20,367,0.1650968009125,1.0384113758595874,0.11,False,not significant
20,368,0.06238730587499999,-0.07033295943869464,0.089,False,not significant
20,369,0.04683930725000002,-0.00501932478196829,0.44,False,not significant
21,370,0.06173882024999999,0.002624827760241925,0.481,False,not significant
21,371,0.02140961087500004,0.2226154832738861,0.322,False,not significant
21,372,0.028304106125000006,0.22099295323736362,0.196,False,not significant
21,373,0.07630171325000001,-0.09111815972264899,0.095,False,not significant
21,374,0.05469443624999998,0.13140122808675708,0.079,False,not significant
21,375,0.03052174550000003,0.35575749143056073,0.045,False,not significant
21,376,0.023263689125000014,0.27778697173452827,0.314,False,not significant
21,377,0.05403076325,0.11084116166132617,0.198,False,not significant
21,378,0.052355072,0.08742179482821523,0.256,False,not significant
21,379,0.07912464775,-0.06039127415798906,0.257,False,not significant
21,380,0.07754203124999998,-0.026212677677646484,0.431,False,not significant
21,381,0.03376411562500001,0.27660266724749294,0.12,False,not significant
21,382,0.016525797625000005,0.31105866970595053,0.204,False,not significant
21,383,0.01901893287499995,0.6206016387485406,0.035,False,not significant
21,384,-0.01962923387500004,0.24373770076358717,0.32,False,not significant
21,385,0.039301080875000005,-0.1734399995170311,0.227,False,not significant
21,386,0.03587185524999997,-0.02555430745856635,0.417,False,not significant
21,387,0.09027805474999998,-0.04105497482682307,0.476,False,not significant
21,388,0.08492803574999999,0.08731473114521089,0.203,False,not significant
21,389,0.1255394951375,0.6315472755809433,0.105,False,not significant
21,390,0.1592479501,0.3951834619756404,0.249,False,not significant
21,391,0.13455667051249998,-0.31960931775248047,0.318,False,not significant
21,392,0.07529815825000002,-0.016157231223108293,0.417,False,not significant
21,393,0.08835385474999999,0.14181890797629543,0.173,False,not significant
21,394,0.11905029950000004,0.08323102445732788,0.376,False,not significant
21,395,0.083276109875,0.2903835177798252,0.016,False,not significant
21,396,0.09883279587499999,0.33544765355957773,0.083,False,not significant
21,397,0.24911510648125001,-0.01813365110414657,0.463,False,not significant
21,398,0.08818441175,0.2162173471914895,0.05,False,not significant
21,399,0.09522298403750001,0.12478912218281908,0.258,False,not significant
22,400,0.07637939862499998,-0.021920268897049167,0.43,False,not significant
22,401,0.12171167499999999,-0.06611996777946481,0.498,False,not significant
22,402,0.159752200875,-0.17567364884134862,0.476,False,not significant
22,403,-0.0014147994999999525,0.06853157170050737,0.48,False,not significant
22,404,0.017329920499999985,0.27937621727192913,0.228,False,not significant
22,405,-0.002712432124999997,0.8411921453575202,0.046,False,not significant
22,406,0.03187887487499996,0.33440555503943675,0.068,False,not significant
22,407,0.03578983674999997,0.052433223708995134,0.475,False,not significant
22,408,0.029850606374999977,0.1122732097916717,0.418,False,not significant
22,409,0.024690877249999965,0.22207855414833283,0.209,False,not significant
22,410,0.02608309287499999,0.09138013892489721,0.383,False,not significant
22,411,0.06221061374999998,0.07967701565891865,0.095,False,not significant
22,412,0.04988829787499999,-0.14673153819017637,0.145,False,not significant
22,413,0.10726801950000003,-0.047635619532712635,0.463,False,not significant
22,414,0.091411228875,0.3090002994026988,0.019,False,not significant
22,415,0.1195612383,0.4113485208787238,0.146,False,not significant
22,416,0.08300201999999998,0.11647949564409858,0.125,False,not significant
22,417,0.1252946920875,0.32511132186760744,0.211,False,not significant
23,418,0.09239775362500002,0.16212206640513244,0.224,False,not significant
23,419,0.07987072862499997,0.06803379616559291,0.211,False,not significant
23,420,0.10629363762499999,-0.006675868457137223,0.458,False,not significant
23,421,0.05905099887499998,-0.04878027100607576,0.225,False,not significant
23,422,0.06344163350000004,-0.027719666399891697,0.234,False,not significant
23,423,0.11263417587499999,0.06177937161655682,0.392,False,not significant
23,424,0.07575962012500004,0.029025235965764735,0.287,False,not significant
23,425,0.08425462374999998,0.0439453665139032,0.33,False,not significant
23,426,0.128587377125,0.007670462703123315,0.436,False,not significant
23,427,0.051982847,-0.07311582065423998,0.209,False,not significant
23,428,0.06227577099999998,-0.011160887891818454,0.36,False,not significant
23,429,0.07547146137499999,0.052986265914934126,0.119,False,not significant
23,430,0.08805014862499999,0.07956620146547629,0.276,False,not significant
23,431,0.08701216075000001,0.11866882395500553,0.15,False,not significant
23,432,0.015421528750000024,0.10795534742739177,0.486,False,not significant
23,433,0.059615028125000025,0.04542892724581636,0.348,False,not significant
23,434,0.0765456685,0.006838335141183378,0.408,False,not significant
23,435,0.06555077449999996,0.0010780376038171846,0.488,False,not significant
23,436,0.048271000374999984,0.02215469014300021,0.466,False,not significant
23,437,0.06433489237500001,0.007804035625185141,0.425,False,not significant
23,438,0.08398977112499997,0.03159613837331721,0.334,False,not significant
23,439,0.05923873812499997,-0.006493309522246845,0.413,False,not significant
23,440,0.07104074512499997,0.001505299557134099,0.42,False,not significant
23,441,0.07403828700000001,0.018316958479112144,0.309,False,not significant
23,442,0.05679474325,0.040409408870165565,0.362,False,not significant
23,443,0.10621886262499997,0.011577232646926026,0.437,False,not significant
23,444,0.04874468074999999,-0.03306567524546725,0.361,False,not significant
23,445,0.054410435499999965,0.01678406785085583,0.463,False,not significant
23,446,0.09727337962500004,0.007665681136539154,0.446,False,not significant
23,447,0.07226646149999999,-0.02089419937420885,0.272,False,not significant
23,448,0.026786374375000033,0.1402904937229877,0.399,False,not significant
23,449,0.03137915537499997,0.10286921045865316,0.423,False,not significant
23,450,0.05288153362499998,-0.04834730972761294,0.3,False,not significant
23,451,0.05377730424999999,-0.11903619699456514,0.115,False,not significant
23,452,0.08510893874999997,-0.007515286359293928,0.462,False,not significant
23,453,0.22673726508750003,-0.12786028851933598,0.491,False,not significant
23,454,0.15920603312499998,-0.022766701028651172,0.461,False,not significant
23,455,0.07037889362500002,-0.005965851689810717,0.416,False,not significant
23,456,0.09727393549999999,0.2160261051361647,0.183,False,not significant
23,457,0.06835745475000002,0.002419008607172183,0.099,False,not significant
23,458,0.06187826699999999,-0.02135005434583372,0.281,False,not significant
23,459,0.08744270625,0.06887119701774339,0.287,False,not significant
23,460,0.10514144412500001,0.1626056788154685,0.257,False,not significant
23,461,0.05363787549999999,-0.2480585150850843,0.037,False,not significant
23,462,0.130394901,0.1668915549693177,0.331,False,not significant
23,463,0.049063664875000024,-0.1872665929879354,0.165,False,not significant
23,464,0.10066222350000001,0.11590362948317472,0.295,False,not significant
23,465,0.08890207900000002,0.08917441347954291,0.273,False,not significant
23,466,0.05832041525000001,0.01782158195982941,0.467,False,not significant
23,467,0.08280862037499997,-0.034427273326785426,0.499,False,not significant
24,468,0.05544714300000003,0.022154448763173257,0.471,False,not significant
24,469,0.06155294924999999,0.002656994882415575,0.454,False,not significant
24,470,0.07757418087499998,-0.02169885345949099,0.464,False,not significant
24,471,0.06865260099999998,5.5990342915931894e-05,0.444,False,not significant
24,472,0.078103361625,-0.025544600374744746,0.425,False,not significant
24,473,0.06834054962499997,-9.492599175664282e-05,0.481,False,not significant
24,474,0.058743539124999966,0.023775784677765123,0.368,False,not significant
24,475,0.06959005224999998,-0.005035205974512469,0.389,False,not significant
24,476,0.07607262975000001,-0.03783198345019245,0.286,False,not significant
24,477,0.02840850924999999,-0.008597485330145864,0.443,False,not significant
24,478,0.07576328724999998,-0.028826183774497898,0.401,False,not significant
24,479,0.04000275337500003,0.23870207523824427,0.32,False,not significant
24,480,0.03269850725000001,0.08596689636926085,0.458,False,not significant
24,481,0.03199903987499997,0.03473172510239397,0.477,False,not significant
24,482,0.05047561675000001,0.09562473556513243,0.263,False,not significant
24,483,0.056780008375000024,0.03434706092285367,0.338,False,not significant
24,484,0.03579352362500002,0.2285948488310181,0.187,False,not significant
24,485,-0.02239014412500001,0.6333833298945856,0.279,False,not significant
24,486,0.04197624150000001,0.20291092143131517,0.11,False,not significant
24,487,0.06907181499999998,-0.007265075849783202,0.199,False,not significant
24,488,0.02476060162499999,0.1990241773221307,0.293,False,not significant
24,489,0.059557744775000004,0.014809744108254422,0.486,False,not significant
24,490,0.06361259012500001,0.03688491732523537,0.334,False,not significant
24,491,0.04757697162500002,0.12843454075878497,0.31,False,not significant
24,492,0.034410105125000034,0.12660480387972892,0.385,False,not significant
24,493,0.046045564250000004,-0.0015526571616110933,0.449,False,not significant
25,494,0.036265589875000004,-0.0,,False,no contiguous neighbor
25,495,-0.03653843012500002,-0.0,,False,no contiguous neighbor
26,496,-0.022201368,-0.0,,False,no contiguous neighbor
27,497,0.0759502075,-0.01791795728730305,0.448,False,not significant
27,498,0.06993952225,-0.0013427875155942119,0.487,False,not significant
27,499,0.073110251125,0.015860412576702797,0.306,False,not significant
27,500,0.09571373662499999,0.09193847938463526,0.263,False,not significant
27,501,0.07450052062499998,0.01668859102365291,0.329,False,not significant
27,502,0.0705259375,0.009944234512541133,0.242,False,not significant
27,503,0.071566622375,0.0014134936440464187,0.436,False,not significant
27,504,0.08890536025000001,-0.07447865193852778,0.366,False,not significant
27,505,0.026176462125000022,-0.038640606709977494,0.403,False,not significant
27,506,0.07844731787499998,-0.035594635093853556,0.379,False,not significant
27,507,0.043557317999999984,-0.10583427157806438,0.302,False,not significant
27,508,0.093942347875,-0.05461855796800665,0.451,False,not significant
27,509,0.05091681575000001,-0.004433089038503009,0.448,False,not significant
27,510,0.06383120537499998,-0.01472704555735307,0.259,False,not significant
27,511,0.10578767312499998,0.08636428172005971,0.313,False,not significant
27,512,0.12447912324999999,0.19317013040540718,0.257,False,not significant
27,513,0.07598600212499998,0.0628645564717484,0.114,False,not significant
27,514,0.08357315725,0.07161464175231227,0.199,False,not significant
27,515,0.07754770112499998,0.023981451839262296,0.301,False,not significant
27,516,0.06479288375000003,0.011816699070099905,0.381,False,not significant
27,517,0.019358997125,0.13986726434689523,0.447,False,not significant
27,518,0.011475503374999974,0.8345692086749651,0.14,False,not significant
27,519,0.006520353374999982,0.8345692086749651,0.163,False,not significant
27,520,0.03792259600000003,0.00159805315957911,0.45,False,not significant
27,521,0.05605466412499999,0.016563253465578874,0.491,False,not significant
27,522,0.077030343,0.011949478448071937,0.381,False,not significant
27,523,0.07933998312499999,0.05454134030118093,0.189,False,not significant
27,524,0.116695195625,0.2593882892953187,0.219,False,not significant
27,525,0.10127914125000001,0.04916963166101507,0.366,False,not significant
27,526,0.05503999237499996,-0.04927458687215013,0.241,False,not significant
27,527,0.07988008937500002,-0.02851145627018153,0.433,False,not significant
27,528,0.016374276374999996,-0.0,,False,no contiguous neighbor
27,529,0.13649236201249998,-0.29943533240110326,0.358,False,not significant
27,530,0.056164127625000004,-0.08629854300538134,0.192,False,not significant
27,531,0.08285887112500001,-0.005450464328539351,0.461,False,not significant
28,532,0.06428278425,-0.006601193021050869,0.357,False,not significant
28,533,0.055454848,-0.016470995120022362,0.387,False,not significant
28,534,0.08169421124999998,-0.004792717666444087,0.46,False,not significant
28,535,0.07230884812499999,-0.012396087076067546,0.342,False,not significant
28,536,-0.023467248875000013,0.8133596468030441,0.3,False,not significant
28,537,0.031000416500000016,0.2585735698361552,0.169,False,not significant
28,538,0.044228581249999954,0.14517154227831472,0.124,False,not significant
28,539,0.07540121162500002,-0.013098746539308152,0.419,False,not significant
28,540,0.07475953275000002,0.012097605707180978,0.364,False,not significant
28,541,0.07421192124999998,0.024341528030522277,0.219,False,not significant
28,542,0.07872617399999998,-0.012645320759015708,0.465,False,not significant
28,543,0.06315972949999998,0.006032513607444679,0.488,False,not significant
28,544,0.022574405500000005,0.04238800696817876,0.477,False,not significant
28,545,0.06542902437499998,0.012499784571266444,0.302,False,not significant
28,546,0.10123894300000003,0.015296610527773518,0.427,False,not significant
28,547,0.07074366712500002,0.005318098881912407,0.36,False,not significant
28,548,0.05679282462499999,0.012310455484178705,0.498,False,not significant
28,549,0.06427306499999999,0.014035200109240266,0.348,False,not significant
28,550,0.05084359837500002,0.028156442196203998,0.479,False,not significant
28,551,0.07195676599999998,-0.010432203004292316,0.399,False,not significant
28,552,0.042015253,0.12210116996797582,0.248,False,not significant
28,553,0.06397517637499997,0.0061950967629481445,0.439,False,not significant
28,554,0.06182592149999999,-0.003719161052254853,0.424,False,not significant
29,555,0.07544249412500001,0.021341629852526935,0.248,False,not significant
29,556,0.082750476125,0.005026210978093187,0.435,False,not significant
29,557,0.10625595425,-0.1862171292862434,0.235,False,not significant
29,558,0.04397257162500001,-0.02388675375981803,0.399,False,not significant
29,559,0.03228647374999999,0.16384270760274114,0.23,False,not significant
29,560,0.039253858375000006,0.0822819355103191,0.415,False,not significant
29,561,0.09493676949999999,-0.034266574399688575,0.465,False,not significant
29,562,0.06931047775000002,0.004733111897949671,0.261,False,not significant
29,563,0.07804831200000001,-0.023621326642476854,0.373,False,not significant
29,564,0.09505019412500001,0.022540791114758502,0.402,False,not significant
29,565,0.015112800500000023,-0.02102472786120169,0.447,False,not significant
29,566,0.08661417225000001,0.026734980077146527,0.37,False,not significant
29,567,0.104657525625,0.04137049910442262,0.391,False,not significant
29,568,0.06816550525000001,-0.00010737165531342962,0.228,False,not significant
29,569,0.06064420312500002,-0.012273043658257987,0.374,False,not significant
29,570,0.099770136625,0.10812303915011348,0.25,False,not significant
29,571,0.08783035849999998,0.05605448885851531,0.267,False,not significant
29,572,0.013379871875000005,-0.22149097012112037,0.268,False,not significant
29,573,0.07649637874999998,0.010460767918335896,0.386,False,not significant
29,574,0.11579996937499998,0.08338756370560182,0.35,False,not significant
29,575,0.054039576125000016,-0.1606643380785255,0.056,False,not significant
29,576,0.0985925725125,0.4944037459951026,0.012,False,not significant
29,577,0.036440638375,-0.3725845741726439,0.052,False,not significant
29,578,0.07108224675000002,0.01041748780561672,0.209,False,not significant
29,579,0.026781105125000038,0.16061929997556593,0.292,False,not significant
29,580,0.013832220375000037,0.20494703656708446,0.349,False,not significant
29,581,0.08688633374999999,0.06369513722235491,0.286,False,not significant
29,582,0.06883422975000003,0.001019717250357991,0.365,False,not significant
29,583,0.07352174987499999,0.006288535250981628,0.384,False,not significant
29,584,0.05617362337499998,-0.018566683964011246,0.372,False,not significant
30,585,0.01784514887500005,-0.11356247263227884,0.348,False,not significant
30,586,0.020583852999999985,0.22994236340798513,0.364,False,not significant
31,587,0.085939558225,0.0,,False,no contiguous neighbor
32,588,0.20406398495,1.4142111382608522,0.117,False,not significant
32,589,0.1827851115625,2.242298299911655,0.007,False,not significant
32,590,0.224873839775,1.6676262955187071,0.044,False,not significant
32,591,0.16467423949999999,2.4303731561880153,0.005,True,high-high
32,592,0.228599518025,2.501835997317152,0.022,False,not significant
32,593,0.1323367358,0.6675837355525477,0.088,False,not significant
32,594,0.1384956171875,1.0173798971722783,0.036,False,not significant
32,595,0.08163607687499996,0.20908202037692866,0.023,False,not significant
32,596,0.1809964798125,0.5671896902634073,0.143,False,not significant
32,597,0.14387737034125,1.1886530955436738,0.029,False,not significant
32,598,0.1306112130125,0.8497435413105059,0.048,False,not significant
32,599,0.1427600870125,1.0582029668235966,0.028,False,not significant
32,600,0.132667307225,0.5865029646952472,0.121,False,not significant
32,601,0.101729496,0.09190402340370886,0.321,False,not significant
33,602,0.04748776025000001,0.10483971836707594,0.26,False,not significant
33,603,0.02735049912500001,0.21210144216070512,0.348,False,not significant
33,604,0.04535930899999996,0.1440073742890291,0.202,False,not significant
33,605,0.049445614375,0.010156138950185297,0.492,False,not significant
33,606,0.049240381,-0.02654637635493407,0.38,False,not significant
33,607,0.035245368249999964,0.15167423227976876,0.222,False,not significant
33,608,0.04095501224999998,-0.005949888560341071,0.46,False,not significant
33,609,0.055591493625000044,0.024391597896404854,0.447,False,not significant
33,610,0.06693436662499999,0.002879242335875415,0.371,False,not significant
33,611,0.0073599728749999815,-0.9373041444936038,0.013,False,not significant
33,612,0.07371149012499997,0.029259790666742305,0.177,False,not significant
33,613,0.07880470262500003,-0.003881726498352862,0.482,False,not significant
33,614,0.053603289374999974,-0.021211277082832273,0.368,False,not significant
33,615,0.086700288875,-0.10626599035324813,0.227,False,not significant
33,616,0.07751311787499998,-0.026723272332179273,0.41,False,not significant
33,617,0.013343901874999953,0.1518929174573252,0.363,False,not significant
33,618,0.076880719875,-0.05216918446356868,0.252,False,not significant
33,619,0.09210319450000001,-0.11600804389964996,0.337,False,not significant
33,620,0.07106648024999998,0.0002965754028291143,0.468,False,not significant
33,621,0.09827886187500001,0.1004624396698066,0.297,False,not significant
33,622,0.09377475500000002,0.07768038515594046,0.293,False,not significant
33,623,0.0664345415,-0.002944739873580266,0.363,False,not significant
33,624,0.07906363799999999,0.0806761267639158,0.16,False,not significant
33,625,0.07596593662499998,0.04646777273205767,0.129,False,not significant
33,626,0.11027571787500001,0.1686751046953003,0.266,False,not significant
33,627,0.07191587962500001,0.00942898883611917,0.333,False,not significant
33,628,0.050128363625000005,-0.17542277350885904,0.05,False,not significant
33,629,0.056218339000000006,-0.022109500657554813,0.364,False,not significant
33,630,0.11457237600000003,-0.041493397143242586,0.493,False,not significant
33,631,0.125676030125,-0.057264350113989185,0.448,False,not significant
33,632,0.07274717825000002,0.03323637189220302,0.101,False,not significant
33,633,0.08344106462499998,0.09626854882296232,0.159,False,not significant
34,634,-0.0011977232499999768,0.045692008295126464,0.447,False,not significant
34,635,-0.007910621750000013,0.7970810126748731,0.173,False,not significant
34,636,0.05873062985,-0.2381979751014288,0.02,False,not significant
34,637,-0.004367302874999979,-0.28227057334262146,0.295,False,not significant
35,638,-0.038142364875,-0.0,,False,no contiguous neighbor
35,639,0.044031014750000014,-0.0,,False,no contiguous neighbor
35,640,0.019989062624999998,-0.0,,False,no contiguous neighbor
