model,term,estimate,se,p
OLS_unconditional,const,0.1666236204616812,0.005547481552049572,3.336122621630147e-198
OLS_unconditional,log_initial,-0.057366988866714166,0.0026888940887537156,5.3987177404031984e-101
OLS_conditional_state_FE,const,0.22351247402058852,0.033033301784186786,1.321383412641887e-11
OLS_conditional_state_FE,log_initial,-0.04568575770484251,0.003441702067767732,3.2684821826982904e-40
OLS_conditional_state_FE,log_density,-0.01563168189486121,0.0036434732435716606,1.7841236922842365e-05
OLS_conditional_state_FE,literacy2011,0.013605323396207208,0.024575845751411297,0.5798488605599731
OLS_conditional_state_FE,agwork2011,-0.017196516136082477,0.01441870410628888,0.2330051522820652
OLS_conditional_state_FE,scst2011,-0.010231470552574277,0.014308724275155947,0.4745774027444071
OLS_conditional_state_FE,state_02,-0.026426224049475838,0.014317167321841663,0.06492534328623115
OLS_conditional_state_FE,state_03,0.020210297854933383,0.011448994676391145,0.07752234559170247
OLS_conditional_state_FE,state_04,0.038173742332975394,5.078140436717669,0.9940021444552097
OLS_conditional_state_FE,state_05,-0.036187136714969786,0.01762033597669092,0.040003347567994396
OLS_conditional_state_FE,state_06,0.009086957773831285,0.011533497983031339,0.4307696709950456
OLS_conditional_state_FE,state_07,0.012927572174949473,0.01702866088365671,0.44775354980546866
OLS_conditional_state_FE,state_08,-0.0027216866310263415,0.010427387850758172,0.7940822716441344
OLS_conditional_state_FE,state_09,0.032138044220633405,0.010414439545729846,0.002029288541390212
OLS_conditional_state_FE,state_10,0.1180827448334588,0.012877780882158038,4.7524100485791345e-20
OLS_conditional_state_FE,state_11,-0.11614506128461759,0.036763876622213976,0.0015819369475739754
OLS_conditional_state_FE,state_12,-0.021635351597167538,0.024653694486044316,0.38017691907843376
OLS_conditional_state_FE,state_13,-0.014378334947688216,0.018665032697351796,0.4411009779063434
OLS_conditional_state_FE,state_14,0.0687750877449402,0.027375784666397337,0.011996068349837944
OLS_conditional_state_FE,state_15,-0.04469460962182081,0.02294813579846297,0.05145856320917686
OLS_conditional_state_FE,state_16,-0.006633486099021851,0.014059057038608649,0.6370480739431068
OLS_conditional_state_FE,state_17,-0.021291925722316547,0.020557511853706516,0.30033052932347926
OLS_conditional_state_FE,state_18,-0.01297719607755442,0.011792500294380332,0.27113096557110905
OLS_conditional_state_FE,state_19,-0.012394867660772475,0.011716709773254867,0.29011035958446774
OLS_conditional_state_FE,state_20,0.03757677702816174,0.011789977497691704,0.0014366748067497271
OLS_conditional_state_FE,state_21,0.020321251363708964,0.012420142964549455,0.1018076174990813
OLS_conditional_state_FE,state_22,0.03043482590286712,0.012158251870620699,0.012306768280581446
OLS_conditional_state_FE,state_23,0.04156656914279432,0.010838117114615142,0.0001254516866026957
OLS_conditional_state_FE,state_24,0.01701421932160412,0.011877807232389365,0.15201858490627704
OLS_conditional_state_FE,state_25,-0.0015903157728141158,0.020349141588529913,0.9377075478428458
OLS_conditional_state_FE,state_26,0.00738402914162575,0.3712973077749152,0.9841334305517064
OLS_conditional_state_FE,state_27,0.024374881541041775,0.011903494605468622,0.04058861612998199
OLS_conditional_state_FE,state_28,0.026617127814336363,0.010334697042779879,0.010009203631279462
OLS_conditional_state_FE,state_29,0.026891896706805613,0.01152811973372123,0.01966274902938887
OLS_conditional_state_FE,state_30,0.006031717419449324,0.014508114241612151,0.6775945172516984
OLS_conditional_state_FE,state_31,-0.00958380495691498,3.4792305460373063,0.9978021691182926
OLS_conditional_state_FE,state_32,0.03020021377107389,0.01542418558588831,0.05023261154589437
OLS_conditional_state_FE,state_33,0.02281801952895881,0.011361143952756645,0.0445980177933705
OLS_conditional_state_FE,state_34,-0.020579368071660505,0.012574215015608695,0.10170729530990173
OLS_conditional_state_FE,state_35,-0.06977918100125416,0.032388302313476384,0.03120440782140517
