pc11_state_id,pc11_district_id,log_initial,growth_annual,log_density,literacy2011,agwork2011,density2011,cluster
01,001,1.15361488,0.0015514858750000082,7.176696817222145,0.6450739191,0.1971866244,1308.578637,2
01,002,1.736060477,0.054101283499999986,6.901750647411317,0.5607767529,0.3464542473,994.0133602,2
01,003,2.236075749,0.16412869012500003,3.2320640522306294,0.7719537997,0.2060043764,25.33188939,2
01,004,1.315852872,0.17239441425,5.552812738868946,0.7134371329,0.08147610656,257.9621165,2
01,005,2.52047688,0.040282490000000004,6.076788001524139,0.667389159,0.3251873797,435.6277096,2
01,006,2.431639821,0.033895461000000016,5.5414404138299656,0.6816682393,0.3777353368,255.0451055,2
01,007,2.966496006,-0.010711035499999966,5.537640888902879,0.7309009031,0.3958291039,254.0778939,2
01,008,1.704652808,0.03027972949999999,6.638079086000945,0.6463261953,0.2674679052,763.626722,2
01,009,1.517167434,0.004450450124999977,6.976015310140532,0.5627575814,0.2687268035,1070.643673,2
01,010,1.775934947,0.03543684137499997,8.4521157617869,0.6940786942,0.03967665718,4684.974547,2
01,011,2.296404817,0.04816985037499999,7.012328775121333,0.5804125549,0.2033277305,1110.236989,2
01,012,1.548506561,0.03935699737500001,6.807036810664916,0.6348079971,0.262527211,904.1875545,2
01,013,1.044523322,0.019181258625000003,6.72418539775535,0.6075631599,0.6022338811,832.293712,2
01,014,1.093866458,0.020652840125000016,7.226284133824269,0.6269373008,0.3186312217,1375.103299,2
01,015,0.7309236665,0.011664303362500003,6.896228682274425,0.5923389861,0.4575258315,988.53958,2
01,016,1.923562233,0.009124399125000016,5.702224254594982,0.6468425963,0.352583242,299.532898,2
01,017,2.114451373,0.031031524624999973,5.335259593614539,0.5426666842,0.4832375939,207.5266144,2
01,018,1.4580239,0.07888610862500003,4.973196276407211,0.561975954,0.5097052641,144.4879736,2
01,019,2.699571947,0.009374961999999987,5.511126273718185,0.6849079895,0.4037273192,247.4296437,2
01,020,2.438707425,0.021887755249999974,5.208250527475639,0.5815396264,0.5657457439,182.7740202,2
01,021,3.243737133,0.001710738374999965,6.478180271996734,0.8345363076,0.1563541809,650.7856153,2
01,022,3.634063397,0.0028301557500000074,5.914356713558375,0.814116312,0.2073952164,370.3160068,2
02,023,1.429486647,0.029281899499999986,5.238089580294453,0.721700121,0.4564748562,188.3100074,2
02,024,1.293190731,0.03379507825,5.8355116437093235,0.8566833251,0.2565853814,342.2397941,2
02,025,1.300837785,0.11110280225,3.1427493748040356,0.7681353071,0.6017116524,23.16747545,2
02,026,1.890064007,-0.011940463375000016,6.4073282080450795,0.7940496346,0.7204347108,606.2716834,2
02,027,1.089345039,0.033324860250000005,5.649093260303142,0.8153030912,0.5389718251,284.0338043,2
02,028,0.842194238,0.031301850500000006,6.02891170261998,0.8815198661,0.4553914691,415.2628539,2
02,029,2.035012764,0.03783354949999995,5.851026714695604,0.8652926125,0.3177897414,347.5910742,2
02,030,1.99291814,0.012027279374999977,5.918583998477098,0.8459411765,0.403516237,371.8847515,2
02,031,2.751671548,0.026267903749999988,5.829324135669089,0.8367673273,0.3914977079,340.1287205,2
02,032,2.012429983,0.01895575174999997,5.466916549931161,0.7879561528,0.6288871928,236.7291238,2
02,033,1.221087627,0.05540881950000001,5.412939992031834,0.836432993,0.5580941078,224.2900302,2
02,034,2.881111276,-0.0003220429999999941,4.726058656120962,0.7999868204,0.5910179129,112.8499044,2
03,035,2.447232508,-0.005914397874999977,6.483465202405619,0.7994736749,0.3312964022,654.2340764,2
03,036,2.534300569,0.03869465975000003,6.2388867383132975,0.7907461225,0.3462136595,512.2878829,2
03,037,2.580079094,0.02193774887500005,6.70552046407824,0.8247582459,0.1940480748,816.9030844,2
03,038,1.896441667,0.038459506874999994,6.14794715501911,0.8458746917,0.3213393316,467.7561696,2
03,039,2.066914268,0.08522887624999997,6.1895455017661565,0.7977914485,0.3276236694,487.6244314,2
03,040,2.589258833,0.04360343524999999,6.2214594098951785,0.7935171319,0.3134901086,503.4374177,2
03,041,2.546861887,0.029898397750000028,6.843545368699438,0.8220010435,0.1871938271,937.8081233,2
03,042,2.608394236,0.025239422249999977,6.109496302719881,0.7067558897,0.4948635529,450.1119379,2
03,043,2.770897274,0.022197137749999984,5.966977171911226,0.6892369387,0.5249675756,390.3240033,2
03,044,2.919622773,-0.013733321749999972,5.825665699554982,0.6581355951,0.5824585227,338.8866547,2
03,045,2.619409033,0.024958217625,6.030129522454149,0.6955255136,0.4789748707,415.7688773,2
03,046,3.168005891,0.0018158087499999809,6.05872147985811,0.6827878259,0.4916695753,427.8281002,2
03,047,2.682782509,-0.007742121875000008,5.891733936529671,0.6183465988,0.6040012137,362.0324818,2
03,048,2.624393742,0.032618209374999985,6.381031382079923,0.7527902999,0.3052309731,590.5364624,2
03,049,2.741364114,0.007821882999999974,6.851083326142024,0.7627324671,0.2627995539,944.9039916,2
03,050,3.084466864,-0.00012345512500000488,6.151006615673658,0.6780937374,0.5406088963,469.1894426,2
03,051,2.401646853,0.048556862749999985,6.22531135803058,0.8218574107,0.2870979203,505.3803722,2
03,052,3.095139682,0.058771001125,6.7346376655734135,0.8379845367,0.1761279551,841.0386916,2
03,053,2.479117779,0.037943197375000015,6.204981941279049,0.6799112519,0.4451391779,495.210013,2
03,054,2.579404709,0.03338498775000004,6.046402276218446,0.6782353828,0.4855605737,422.58993,2
04,055,2.434404381,0.01731863662500005,9.133279322995437,0.8604959744,0.009237450412,9258.333307,2
05,056,2.031634066,-0.008147782500000006,3.863202498548379,0.7580758266,0.7729790367,47.61760275,2
05,057,2.439608528,-0.021396470249999966,4.715345081001077,0.8265163031,0.6140294488,111.6473319,2
05,058,2.277997464,0.0046678553750000296,6.008066254470644,0.8130413482,0.7397466751,406.6961126,2
05,059,2.724206337,-0.025058449500000024,5.830699942587763,0.7636418766,0.6093893148,340.596994,2
05,060,2.603255172,0.045862396625000024,6.348392651748839,0.8424552621,0.1655130172,571.573253,2
05,061,1.911043881,0.027637824874999967,5.314538072199782,0.8202081641,0.4828963932,203.2705951,2
05,062,2.011883323,-0.03484651675000003,5.342457090831291,0.8224521952,0.6144651192,209.0256749,2
05,063,1.453013748,-0.018164902750000017,5.450907637284302,0.8000561653,0.727271563,232.9695218,2
05,064,1.620748814,-0.036993420624999995,5.341234016784459,0.8047154993,0.6771203215,208.7701773,2
05,065,1.995102712,-0.022434817999999995,5.210569036256835,0.798337975,0.5415005263,183.198275,2
05,066,2.436623383,0.012621844374999969,5.970878737079254,0.8388200878,0.4076559253,391.8498525,2
05,067,2.900880561,0.012416029499999981,6.558858205265933,0.7310063815,0.4487512257,705.4657375,2
05,068,2.685312211,0.019372111250000046,6.927498909439998,0.7343009318,0.3310155265,1019.939825,2
06,069,2.853415235,0.03733231612499999,6.922911615240594,0.8188391304,0.1543939485,1015.271776,2
06,070,2.84075633,0.019032615249999996,6.620842322418223,0.8174846427,0.2849863057,750.5770588,2
06,071,2.454254215,0.015108188124999977,6.626333184585035,0.7798805714,0.3330118222,754.7097095,2
06,072,2.922325187,-0.012810749500000052,6.359851498987646,0.7631172894,0.4411935475,578.1604926,2
06,073,2.970141628,-0.054004730374999976,6.163926314708082,0.6915406921,0.556379725,475.2905564,2
06,074,3.042049879,-0.026294639625000005,6.4265415639763175,0.7473084264,0.4483309965,618.0328207,2
06,075,3.35585171,-0.03623770062499998,6.844819745013861,0.7594303782,0.2880837483,939.0040056,2
06,076,2.860680129,0.0052936218749999875,6.5317220391859605,0.7912222734,0.4141061541,686.5795109,2
06,077,2.731722742,-0.008294636625000018,6.185432548757995,0.7144470049,0.5943330457,485.6229738,2
06,078,2.795660522,-0.007449902750000015,5.918135002439417,0.6791556992,0.5936637579,371.7178142,2
06,079,2.797300227,-0.011628889874999992,5.712828126773975,0.6882477877,0.5939664653,302.7260063,2
06,080,2.555794051,0.023348975250000015,6.056443130778832,0.7288966773,0.5501132284,426.854468,2
06,081,2.694642359,-0.0017612411249999793,5.862677496843314,0.7521410484,0.5910293375,351.6644651,2
06,082,2.778444354,0.0022273387500000297,6.471256560461794,0.8022350661,0.3497918318,646.2953261,2
06,083,2.934478418,0.02278165674999999,6.234429610049865,0.806450497,0.429064705,510.0096311,2
06,084,2.613269284,-0.012175950499999977,6.165077032712986,0.7772222955,0.4558619975,475.8377966,2
06,085,2.923510003,0.004518220000000017,6.405807913750308,0.8099127841,0.3374883602,605.3506723,2
06,086,3.500012193,0.019970996374999994,7.104576287170605,0.8469969432,0.123407756,1217.526094,2
06,087,2.353892666,0.05501702487499999,6.605799330539397,0.5408133058,0.5242190638,739.3706346,2
06,088,2.990444336,-0.001018224749999963,7.801080690627192,0.817022066,0.08688594756,2443.240939,2
06,089,2.578760932,0.034132859125000026,6.655087601028927,0.693234275,0.450689617,776.7259621,2
07,090,2.724980656,-0.021694289749999984,9.022091305033454,0.8444511319,0.01821824185,8284.083524,2
07,091,2.639696965,-0.027305765375000013,9.605663723217056,0.8685352133,0.01220101346,14848.64246,2
07,092,1.606726327,-0.037800205125000014,10.578983932708855,0.8308537968,0.005833465876,39300.1625,2
07,093,2.482095278,-0.039833294750000026,10.093577014218615,0.8930744712,0.00656906163,24187.15568,2
07,094,4.401849344,-0.027645668750000074,8.290202409240853,0.883437529,0.005365585876,3984.640641,2
07,095,2.430347761,-0.03657311437499999,10.285255344423788,0.8513783221,0.004969945606,29297.43781,2
07,096,2.462378449,-0.025471190874999994,9.870213218773333,0.869771095,0.00733426153,19345.46335,2
07,097,3.026002346,0.0026913024999999924,8.660449542791623,0.8828228975,0.01747878319,5770.127999,2
07,098,2.726634845,-0.028704614750000024,9.239119202157422,0.8656812527,0.00836741128,10291.96942,2
08,099,2.263303454,0.03896792575000002,5.229722105289375,0.6963575156,0.5297202463,186.740902,1
08,100,1.859402434,0.03631619012500001,5.2308951256177565,0.6713137453,0.6528953807,186.9600814,1
08,101,2.564264071,0.035040554124999956,4.4272948897913285,0.6513252891,0.5704254166,83.70467999,1
08,102,2.247337562,0.010103214125000037,5.0166423170861085,0.6675067113,0.673997145,150.9037652,1
08,103,2.556540242,-0.02970636912500002,5.894563401263087,0.7413061412,0.5564570952,363.0582905,2
08,104,2.84911308,-6.79249999999687e-05,6.12043553073176,0.7071679919,0.5971405583,455.0628452,2
08,105,2.409204205,0.0011423946249999872,6.247888108180708,0.7010704461,0.6329135782,516.919992,2
08,106,2.041604755,-0.0008270659999999874,6.020195910271551,0.6907634015,0.591111307,411.6592361,2
08,107,2.659291126,-0.002434976374999953,5.679832906956254,0.6622195414,0.6742255388,292.9004842,2
08,108,2.539959157,-0.003224308875000026,5.594911390453354,0.6538894516,0.6766064197,269.0538083,2
08,109,2.823806009,-0.009436721749999988,6.169949938343767,0.6815918446,0.6615897624,478.1621679,2
08,110,2.866584943,0.006734475500000003,6.391658553335666,0.7550517428,0.3259819127,596.8456596,2
08,111,2.566999526,-0.02434860124999999,5.839076477886236,0.7191061951,0.5089786764,343.4619994,2
08,112,2.431075808,0.009843178374999983,5.238711024327665,0.6279528395,0.638840401,188.4270679,1
08,113,2.788945615,0.03194188462500003,5.103817550263998,0.6594437907,0.4744893178,164.6492659,2
08,114,2.83926833,0.05903340374999999,2.9126921405445283,0.5721560238,0.5214815575,18.40628423,1
08,115,2.100399749,0.05981423537499997,4.525390836549397,0.5652676278,0.6880128196,92.3320055,1
08,116,1.473924702,0.0439239075,5.174106856928107,0.5485655717,0.718969789,176.6387801,1
08,117,2.033708419,0.07051479862500004,5.3051192770162015,0.5525097858,0.5035557882,201.3650192,1
08,118,2.161619227,0.05881029225000001,5.111136261452563,0.623911653,0.5219581422,165.8587067,1
08,119,2.477514671,0.03249847100000003,5.717225602875065,0.6933481994,0.3919662081,304.060168,2
08,120,2.155773396,0.014960025749999994,5.293999434181247,0.6158435802,0.6623436608,199.1382753,1
08,121,2.550576653,0.022972989750000006,5.250243578719789,0.6151739918,0.6536904201,190.612692,1
08,122,2.401486462,0.035945389500000036,5.437190041468158,0.6136903715,0.6105550706,229.7955594,1
08,123,2.620894162,0.03437972975000003,5.542092570833423,0.6314162577,0.5107726761,255.2114892,2
08,124,1.334654369,0.05182856837500002,5.9114451269549555,0.5945941466,0.6062769453,369.2393678,1
08,125,1.771477397,0.01539332362500001,5.989562047252271,0.5633350586,0.7889289352,399.2397235,1
08,126,2.962706147,0.009783935000000021,5.389930162171236,0.6170640269,0.7089285497,219.1880774,1
08,127,2.943465229,-0.004806353875000002,5.96934987616255,0.7655525667,0.298496402,391.2512263,2
08,128,2.937943771,0.02312171125000001,5.216368767316469,0.666583661,0.7016468168,184.2638628,1
08,129,2.684955389,0.01401199787499996,5.448286284412417,0.614994796,0.7507447656,232.3596262,1
08,130,2.131908864,0.03835285362499996,5.639960248384865,0.6182458484,0.5190434788,281.4515301,1
08,131,1.943045194,0.02692162974999998,5.353187577809223,0.5597354077,0.8454335843,211.2806993,1
09,132,1.742111664,0.0631365475,6.9526122038114835,0.7048711632,0.4790557618,1045.87821,2
09,133,1.833471157,0.026169058999999995,6.984546462174703,0.6911718538,0.5152249074,1079.816569,2
09,134,1.292111778,0.062128352624999994,6.863851019367839,0.6847537729,0.502722148,957.045581,2
09,135,1.537136255,0.050501136375000005,7.21334970578937,0.5676953157,0.4980841074,1357.431657,2
09,136,1.838760077,0.022582921000000006,6.9091984690821455,0.5334101335,0.5998837428,1001.444232,2
09,137,1.637267188,0.065054049625,6.8084517894491645,0.6383872623,0.5870466767,905.4678663,2
09,138,2.137698556,0.02953756624999998,7.230421285272625,0.7284047116,0.3235156767,1380.804094,2
09,139,1.688623061,0.07087817325000001,6.948912707798018,0.7201446841,0.4839635417,1042.016136,2
09,140,2.416436481,0.027962176750000012,7.72837676411515,0.7807351939,0.1780302033,2271.911358,2
09,141,3.636540448,0.015810188125000013,7.278594328195051,0.8012368027,0.1930611657,1448.949845,2
09,142,1.695917765,0.07527787275000003,6.862249219462813,0.6888428904,0.4853967845,955.5138126,2
09,143,1.826969613,0.04349876150000001,6.799746338563704,0.6751566442,0.4600386464,897.6195713,2
09,144,2.060021299,0.019131251874999977,6.790562629900798,0.7159126296,0.5597829793,889.4138319,2
09,145,2.41825371,0.028068209374999986,6.697072789639782,0.7035981013,0.4718518357,810.0312196,2
09,146,2.482451847,-0.005575235250000032,6.996817628954708,0.7157872081,0.3661078547,1093.148812,2
09,147,1.993289289,0.03268719087500002,6.942848465412355,0.7192453861,0.4425267019,1035.716219,2
09,148,2.167601694,0.014646386750000018,6.517512394708345,0.759942052,0.7426350457,676.892448,1
09,149,0.9430812985,0.1187502508125,6.656201439044548,0.5129213351,0.7752222919,777.591591,1
09,150,1.563595699,0.07096340900000003,6.99503319361412,0.5849459146,0.5115488662,1091.199898,2
09,151,0.8948011718,0.07481374439999999,6.418079258266368,0.6147401608,0.7209909045,612.8249046,1
09,152,1.317714863,0.087771253125,6.573934646449502,0.5954400173,0.7097953833,716.1822305,1
09,153,0.9276492209,0.1262784477625,6.428931598227207,0.6055600163,0.7695233702,619.5117069,1
09,154,0.5145550127,0.1528565740375,6.645272326921552,0.6112065675,0.7459414522,769.1394765,1
09,155,0.4505457729,0.1540294446375,6.553802201829436,0.6457487307,0.7737626963,701.9079021,1
09,156,1.062106848,0.10667773624999999,6.56114690723081,0.6636542022,0.6887406787,707.0821874,1
09,157,2.871197723,0.014250625374999992,7.490204419611395,0.772888715,0.2073809865,1790.418051,1
09,158,1.478584063,0.07098813825,6.6282550279575405,0.6725332718,0.6414977305,756.161538,1
09,159,0.8198140507,0.1146757567875,6.848161691111237,0.6904350584,0.6642201371,942.1473559,1
09,160,1.907222341,0.01804098737500001,6.681512473437277,0.7270443066,0.72201314,797.5244348,1
09,161,2.578528207,-0.004294414875000041,6.531088575008471,0.7841479983,0.6376981537,686.1447251,1
09,162,2.097862652,0.05385894375,6.535909453535504,0.7894943971,0.7205276909,689.4605316,1
09,163,1.48993737,0.09541887224999998,6.341095088703507,0.7578219152,0.7334609752,567.4173436,1
09,164,2.013533311,0.05114112937499998,7.363240767566582,0.7965482651,0.2723635376,1576.938783,1
09,165,1.70809881,0.085854508,6.000197498146036,0.7374574496,0.6965302927,403.5084778,1
09,166,2.268918926,0.06190039012499998,6.065333703104538,0.7504835379,0.5653675356,430.6663684,1
09,167,1.697638108,0.085313996625,5.57109909684165,0.6352281137,0.7790764439,262.7226983,1
09,168,1.70737014,0.08415359987499998,5.736402709874221,0.687733833,0.687145932,309.9474323,1
09,169,1.836056008,0.09531524737500002,5.657451123127879,0.6526973412,0.683338081,286.417668,1
09,170,1.154049646,0.10291787250000001,6.03337536824134,0.6666522648,0.7396674889,417.1205915,1
09,171,1.38959155,0.08991967099999998,5.80100027137761,0.6504895158,0.7795084461,330.6301144,1
09,172,1.32858644,0.09152257787500001,6.500068124456372,0.674278218,0.7002145769,665.186947,1
09,173,1.290419141,0.08530873037499997,6.768267962488839,0.7009083408,0.6059532054,869.8040553,1
09,174,1.063775368,0.10424783525,6.838472215429255,0.6127838581,0.7202994375,933.0625267,1
09,175,2.197172604,0.03057780250000003,7.020437887769503,0.7231605773,0.4447763792,1119.276628,1
09,176,1.158068538,0.08066047737500001,6.752143209645211,0.6174978984,0.7331252532,855.8911524,1
09,177,1.469432495,0.07081618612500001,6.864545290472476,0.6873330699,0.6023230946,957.7102608,1
09,178,0.8008599436,0.132710466425,6.9258524960298375,0.7222852352,0.61131343,1018.261964,1
09,179,1.282360633,0.10305224725000003,6.766664644861922,0.6926652203,0.6364573127,868.4106005,1
09,180,0.5453734384,0.14194222345000002,6.667737858183059,0.4936106945,0.7845415709,786.6141575,1
09,181,0.6788671179,0.12455257326250001,6.395538657560652,0.4674108794,0.8324898394,599.1659816,1
09,182,0.6359049461,0.11409455386249999,6.564979238232001,0.4950851077,0.7925868763,709.7971594,1
09,183,1.224726464,0.071409156375,6.748357628045891,0.587095798,0.7492763596,852.6572316,1
09,184,0.652292478,0.10136954487500001,6.774256690390985,0.5924936324,0.7606592803,875.028704,1
09,185,1.21211637,0.0692703265,6.712295326697899,0.672190191,0.7053235795,822.4562804,1
09,186,0.552226683,0.113147017875,6.93116780627134,0.6672034856,0.664452841,1023.688752,1
09,187,0.6625081163,0.1073492874625,6.962701430406431,0.6276160176,0.6972794923,1056.483723,1
09,188,1.58566468,0.07645403775000001,7.132873302941672,0.7082914858,0.4533180775,1252.470529,1
09,189,0.3473516614,0.14520103369999998,7.104433845582018,0.6524846936,0.67501118,1217.35268,1
09,190,1.057208516,0.10550532174999999,7.095787971979916,0.7112796471,0.5196406533,1206.872971,1
09,191,0.9095893983,0.13525918258750003,6.8853049480582085,0.7093242077,0.592555899,977.7998024,1
09,192,1.590299574,0.05354573812499999,7.015052726276163,0.7309385635,0.4253830359,1113.265343,1
09,193,1.021844105,0.13486002337500003,7.07807019113314,0.7094094415,0.5533096175,1185.678177,1
09,194,0.5837740894,0.18107606457500003,6.9666835460962835,0.7154755332,0.6583112765,1060.699151,1
09,195,1.144065179,0.10580524375,6.977808646610887,0.7177524056,0.6447727874,1072.56542,1
09,196,1.716730758,0.07242616387499998,6.835216779715105,0.71484622,0.508620261,930.0299405,1
09,197,1.868001703,0.04383979437500002,7.740566745844695,0.7560180395,0.2717187196,2299.775402,1
09,198,1.093672837,0.12559707525,7.314958839106551,0.6896978699,0.3601251664,1502.609946,1
09,199,1.365887282,0.12853207587499998,6.288498616248721,0.6847766122,0.5465070165,538.3444604,1
09,200,2.167144357,0.05441160149999996,5.883411039711846,0.6402917373,0.6266603893,359.0318272,2
09,201,1.334735088,0.09929587774999998,6.563887856757032,0.7080690326,0.7078339062,709.0229225,1
09,202,1.011249446,0.10148741437499997,6.6716835348040195,0.6101636419,0.7176484868,789.7240138,1
10,203,-0.2281559311,0.2346042170125,6.818623395051437,0.556972103,0.777243638,914.7249281,1
10,204,-0.6118971181,0.3064556103875,7.163156143619382,0.557930829,0.7860643068,1290.979025,1
10,205,-0.9223245225,0.3507523333125,7.318251658325116,0.5377671795,0.8171315782,1507.565924,1
10,206,-0.6520432904,0.28704252617500003,7.365507353488923,0.520512095,0.7519362565,1580.517104,1
10,207,-0.1494679823,0.24630473891250002,7.165358443533371,0.5861834698,0.7953106394,1293.825281,1
10,208,0.7777280144,0.15191080820000002,6.826286585991307,0.576699248,0.8341454229,921.761567,1
10,209,0.1046046482,0.21004026235,6.918681477086289,0.5353346916,0.8407475481,1010.986107,1
10,210,0.3991004014,0.1356740327,6.7796101379681,0.5545651048,0.808103721,879.7256856,1
10,211,0.5046071896,0.1757400658,6.942175238861062,0.510839846,0.8182757266,1035.019182,1
10,212,0.07437999934,0.1917837049575,6.963366878454663,0.5223779194,0.8073403016,1057.186992,1
10,213,0.009882374932,0.24239733013349998,7.025532764400896,0.522529624,0.8446833985,1124.993756,1
10,214,0.3461581702,0.19664499635,7.051735394083671,0.5319888817,0.7558280993,1154.861144,1
10,215,-0.1850616732,0.23475316214999997,7.372857011036754,0.565594291,0.6575975563,1592.176156,1
10,216,0.579854243,0.183652949875,7.334777790206304,0.634328911,0.6209189458,1532.687164,1
10,217,0.01370375484,0.24018542226999998,7.195099500118589,0.6546791878,0.6817336847,1332.882941,1
10,218,-0.6532925208,0.294461478225,7.330971837651268,0.6945458981,0.5998454893,1526.864916,1
10,219,0.4769102988,0.177637643275,7.3874886510156585,0.6596266266,0.6159737498,1615.643569,1
10,220,0.1796072923,0.2201590962125,7.53109110997903,0.6659712256,0.6874621162,1865.139466,1
10,221,-0.121420875,0.23035255775000002,7.408712358248365,0.6185812825,0.7336673892,1650.299983,1
10,222,0.8878433465,0.15007979793749998,7.428518228170191,0.6387397219,0.5752123566,1683.311441,1
10,223,-0.4279421277,0.2492883868375,7.104900439588679,0.5792040157,0.7220511749,1217.920822,1
10,224,1.125341567,0.12128286737499999,7.197595266459628,0.6314024655,0.5228362437,1336.21366,1
10,225,0.16952215,0.22219950575,6.56636152550001,0.5817005437,0.7759939267,710.7789814,1
10,226,0.636185722,0.17235009237499999,7.094251275665306,0.704643182,0.4503431847,1205.019798,1
10,227,0.5949625052,0.1909804446,6.760941419197607,0.6241801998,0.6935690012,863.4546861,1
10,228,0.477805227,0.22337514875,6.845544203400638,0.6385840158,0.7265780192,939.6845214,1
10,229,1.092674172,0.12927713587500003,7.119652206650602,0.6443200682,0.7107668679,1236.020479,1
10,230,1.749552529,0.08183095399999998,7.559914601267195,0.7067907029,0.453145157,1919.681568,1
10,231,0.2176893157,0.23131384916250003,7.102564669691032,0.7047139546,0.6483479783,1215.079359,1
10,232,0.4835390463,0.1988207664625,7.052842961350911,0.7013814239,0.6678313909,1156.140939,1
10,233,0.5859782495,0.19860742456249997,6.302999897690422,0.6934473059,0.740920301,546.208023,1
10,234,0.6066599268,0.20431143740000002,6.7312323639222145,0.7336945622,0.6296247136,838.179572,1
10,235,0.6640237052,0.206744774475,6.6596913415985215,0.7032267318,0.6984317677,780.3100507,1
10,236,0.9565841955,0.16510248156250001,6.818833102777903,0.6367473414,0.6778603396,914.9167731,1
10,237,-0.3137637187,0.28425427071250003,6.872253157042511,0.5976186446,0.7367027919,965.1206863,1
10,238,-0.30968126,0.30026394500000003,6.411045789458224,0.5979474779,0.6526904561,608.5297424,1
10,239,0.6615833968,0.21484160102500002,7.10207476688411,0.6679571475,0.7118757201,1214.484234,1
10,240,-0.2477444577,0.2950080082125,7.014366977184536,0.6742576815,0.8044296459,1112.502184,1
11,241,2.456689722,-0.11965440562500002,2.777872781352295,0.7801291248,0.3335850372,16.08476871,2
11,242,1.863716888,-0.09136709799999998,5.100911803789271,0.7738985662,0.6776378721,164.1715313,2
11,243,2.227567871,-0.037677077125000014,5.5203099637686215,0.8141580095,0.5183307792,249.712427,2
11,244,2.014397542,-0.015862968000000033,5.63323861815644,0.8385361445,0.247186155,279.5660608,2
12,245,1.061250995,0.13949797400000002,3.0946483497471573,0.5900337188,0.2641833811,22.07947292,2
12,246,2.050278982,0.048293584,3.3254018134984764,0.6706682894,0.3495626151,27.8101709,2
12,247,0.1438607498,0.14804661965000002,2.6210641707004436,0.6001654595,0.7266526564,13.75034852,3
12,248,2.788979684,0.051836369125000004,4.090247165177398,0.7995085963,0.2337705495,59.75465915,2
12,249,0.3327740667,0.068782316175,2.6272001799165756,0.6379609147,0.702259206,13.83498017,3
12,250,-0.1664527005,0.11245920951249999,2.5378052295153086,0.6646136791,0.6162790698,12.65187252,3
12,251,1.023512616,0.12349895574999997,2.955911576526377,0.7254431422,0.5860086962,19.21923454,3
12,252,-0.1170574334,-0.007982283937500001,2.0106583868168872,0.5998615324,0.6059625448,7.468232715,3
12,253,3.549395641,0.039736566875000046,3.425167464022122,0.598036892,0.6675268394,30.72779022,2
12,254,0.7988164897,0.11398603491249999,3.9973196481509223,0.5218535842,0.7566083774,54.45200373,3
12,255,2.038526212,0.04684090737500002,2.6229799701417074,0.7434603218,0.4578058141,13.77671668,2
12,256,-0.244323596,0.002551209250000002,2.1880024540877443,0.4875079906,0.798457246,8.917382431,3
12,257,0.7086114818,0.251819749775,-0.17032497638367486,0.6410404624,0.3398019802,0.84339069,3
12,258,0.2176866351,0.1868036847375,3.1961507472108965,0.6913025548,0.5732512986,24.4382798,3
12,259,1.059375644,0.14743242987500002,3.8873595609423814,0.6818140776,0.5931552193,48.78191066,3
12,260,0.02183843597,0.24426115912875002,1.3115577456036371,0.5645662617,0.5966105354,3.711951487,3
13,261,0.4428672802,0.10279287209999999,4.7234816180185195,0.5698701398,0.841571332,112.5594603,3
13,262,1.905362392,-0.002265134000000002,4.79973955204632,0.9161793596,0.5811391062,121.4787745,3
13,263,1.706110754,0.100675599625,4.505893789263814,0.8526238149,0.6581547932,90.54923983,3
13,264,1.19442993,0.102813021625,4.527192792933285,0.8769057146,0.6965140446,92.49853374,3
13,265,2.337429698,0.029428255250000035,5.888081261830109,0.8478986804,0.205111231,360.7125071,2
13,266,1.177181872,0.049851850625,4.466528039452479,0.7805419191,0.7130175191,87.05394983,3
13,267,1.065016846,0.06805411587499999,4.5666034301501055,0.7307625337,0.7946897358,96.21674723,3
13,268,1.517900558,0.045109504375,4.478439804824282,0.7216851163,0.8171791444,88.0971167,3
13,269,1.243615628,0.095063902,4.234936209861847,0.69539406,0.7313201703,69.05727342,3
13,270,1.612745448,0.04755296912499998,5.229984129775691,0.8523405063,0.3915982617,186.7898391,2
13,271,1.305327353,0.035867280249999994,4.349015337164683,0.7794596762,0.7366981261,77.40221031,3
14,272,0.2859305912,0.24550701872499997,4.926466715432818,0.636047935,0.8336842105,137.8914409,3
14,273,2.036643181,0.02275502562499998,3.5353736356938597,0.7005373154,0.7757016024,34.30783095,3
14,274,0.9495681734,0.12403247857500001,4.036308534156126,0.8277847722,0.6294901926,56.61695701,3
14,275,1.400560617,0.06662785737499999,5.83521530667527,0.7585445618,0.4093924604,342.1383908,2
14,276,0.3707698728,0.195459182275,7.164189908631091,0.7447319226,0.5339284108,1292.314284,2
14,277,1.129925988,0.13778983224999997,7.168617157740887,0.8608010664,0.2117053895,1298.048365,2
14,278,1.094006368,0.12204819762499997,6.819257200599459,0.8194922976,0.2565861445,915.3048696,2
14,279,-0.7548048172,0.38042190940000004,3.704136274180416,0.8135413729,0.7033104955,40.61495198,3
14,280,0.5538893907,0.23477914478749998,3.814955787776475,0.7110673649,0.6512380704,45.37475022,3
15,281,1.510343931,0.03301050150000001,3.693829171775334,0.8493276327,0.7986734835,40.19847951,3
15,282,1.782682745,0.02592299012499999,4.245890096029882,0.9350389511,0.6337677206,69.81787711,3
15,283,1.617695561,0.00712275725,4.859510851147133,0.978856279,0.2934086256,128.9611055,2
15,284,0.7054894094,0.12214233919999999,3.665283724808331,0.9591056137,0.7449680857,39.06721893,3
15,285,1.129313794,0.05894100799999999,3.999330529778484,0.9791149933,0.7291373416,54.56161043,3
15,286,1.192331974,0.04001616875,3.7474835388429764,0.8885709884,0.667392321,42.41421387,3
15,287,1.253345728,0.0064378904999999875,3.8900693135825843,0.658844368,0.7055039126,48.91427683,3
15,288,0.9409694702,0.10816667460000001,3.781493855844212,0.9000873809,0.4938069961,43.8815455,3
16,289,2.40293284,0.011078916999999966,6.368492457246303,0.886939707,0.3486068241,583.1780001,2
16,290,2.118700575,0.03266736662499997,5.704512822886991,0.8465523289,0.5375633084,300.2191845,2
16,291,1.773931635,0.052340410124999986,5.115001007302164,0.8572337448,0.5326023702,166.5009487,2
16,292,1.659569275,0.04312338575000002,5.79672721720021,0.8750031526,0.3720211708,329.2203282,2
17,293,1.484934097,0.05106977562500001,5.233400005659748,0.6758054701,0.6309835378,187.428981,3
17,294,1.963922882,0.081123994,4.880924972823773,0.7394649138,0.7530737705,131.752475,3
17,295,1.480555577,0.05832216899999998,4.413020023544555,0.717168451,0.6471599344,82.51829477,3
17,296,2.03977353,-0.022530043750000034,4.341727767881786,0.7786678009,0.7596470873,76.84018672,3
17,297,2.41455017,0.017757084624999975,4.729793075972916,0.7566778976,0.7171499312,113.2721212,3
17,298,2.158473043,-0.021305332124999993,5.747442121470225,0.8415457432,0.3472318148,313.3880257,2
17,299,2.465452467,0.008261424750000024,4.70644479589017,0.6164332228,0.5628881637,110.6580478,3
18,300,1.479294905,0.05640337375000001,6.062060536248222,0.6522170889,0.6229228399,429.25903,2
18,301,-0.2606415975,0.1693713026875,6.835649181646957,0.5833923678,0.5689072036,930.4321742,2
18,302,1.71925785,0.03241621524999999,6.342797169751394,0.6737112774,0.5496628825,568.3839563,2
18,303,0.1455624323,0.0687357741375,6.610783104857928,0.6381152844,0.5500064853,743.0646885,2
18,304,0.9513818389,0.0481333321375,6.518776151968815,0.6803166315,0.6699901904,677.7484165,2
18,305,0.8340324881,0.0739974422375,6.805148501415986,0.7237057857,0.5375575005,902.4817798,2
18,306,1.152580966,0.072854111625,6.379207471914799,0.6733930732,0.4429373573,589.4603586,2
18,307,0.1701833701,0.1070227047375,6.19937790295662,0.771953404,0.5819569503,492.4425987,3
18,308,-0.1369740112,0.10883493782499999,5.911582104862089,0.7269946347,0.7482966171,369.2899489,3
18,309,3.463833091,-0.05321458562500003,6.366187709311089,0.6965534511,0.2982120394,581.8354695,2
18,310,3.190308098,-0.04918780675000001,6.343337361381462,0.7604780226,0.2754719776,568.6910755,2
18,311,2.302602436,0.006412122750000027,6.173558834119783,0.804120909,0.2641887443,479.8909229,2
18,312,1.35141043,0.03272134337499999,6.214684582497211,0.8214944888,0.350947185,500.0382435,2
18,313,2.271949298,0.056012269,6.083932250902366,0.7743459626,0.479288065,438.7510864,2
18,314,1.575003475,0.075570831,5.883887143190445,0.6925078794,0.7078992022,359.2028042,2
18,315,2.052679895,-0.012589802249999976,4.171391242283704,0.7753566554,0.5447969896,64.80554964,3
18,316,0.8358457536,0.07189103517499999,6.5820802221402595,0.7934138959,0.3002573956,722.0397712,2
18,317,0.3123864526,0.127795239675,6.790901939774051,0.7822136938,0.3977818073,889.71567,2
18,318,0.4537580751,0.07295249898749999,6.692547816693399,0.7433441967,0.4471254835,806.3741306,2
18,319,1.311647073,0.055680900874999995,6.631225282721023,0.6974126463,0.4783248379,758.4108693,2
18,320,1.597277364,0.04017732562500001,5.97145799121478,0.6355395687,0.5946326972,392.0768989,2
18,321,1.438946631,0.04762436474999998,6.5263409402587635,0.7554712364,0.4554581193,682.8948812,2
18,322,2.101447929,0.05062077062500003,7.645328257993243,0.8871465382,0.07003683856,2090.854803,2
18,323,0.4966574814,0.039922466675000004,6.630393308349747,0.7862875681,0.3605575968,757.7801533,2
18,324,0.5647441715,0.044114240400000004,6.089095232909046,0.6924986974,0.6068947923,441.0222082,2
18,325,0.709804897,0.082287458375,6.380422864508778,0.6308043601,0.6373459347,590.1772199,2
18,326,1.141071506,0.0460554255,5.8449465136343655,0.6541340824,0.5578288793,345.4840626,2
19,327,1.507912192,0.03423404275,6.425918395974389,0.7955624333,0.1577746291,617.6478024,2
19,328,1.291482069,0.05271139750000001,6.521282916186609,0.7325338757,0.3412835369,679.4495032,2
19,329,0.7826303977,0.057375890787499995,6.728667485415287,0.7478472916,0.6593832959,836.0324979,2
19,330,1.368663152,0.03954176512499999,6.871789199254949,0.5906743004,0.631462427,964.6730149,2
19,331,1.297966322,0.02844936125,6.630683976275443,0.728213926,0.6560145877,758.0004477,2
19,332,0.9907073908,0.058160909025,7.057591675372126,0.6182503778,0.5183822076,1161.644178,2
19,333,1.210011413,0.030601375250000007,7.248532530002672,0.6659372145,0.4812735184,1406.040012,2
19,334,1.703854652,0.04337615750000001,6.685282345628428,0.7067496732,0.594014868,800.5366743,2
19,335,2.221450762,0.010683851625000018,7.013481561439131,0.7620630511,0.4160527649,1111.517593,2
19,336,1.341702463,0.036557631749999986,7.19849058083161,0.7497285898,0.4729735318,1337.410527,2
19,337,1.766764101,0.01168688212500002,7.8330145882640485,0.8405692845,0.2276254994,2522.522289,2
19,338,1.431907067,0.03652951174999999,7.470509348784158,0.8179785737,0.3507554042,1755.50062,2
19,339,1.770244855,0.009545331125,7.036985871284277,0.7026353483,0.5908480314,1137.952497,2
19,340,1.706527661,-0.014956287250000005,6.1823858556418365,0.6448322306,0.4813987004,484.1456812,2
19,341,1.547260066,0.024146211375000004,8.160948312129301,0.8331446444,0.12325474,3501.50555,2
19,342,2.256705883,-0.004751935624999981,10.098497192828964,0.8630783733,0.01035004019,24306.45405,2
19,343,1.586592773,0.017856936374999993,7.366917241678041,0.7753134928,0.3255133725,1582.747028,2
19,344,1.442204267,0.04802730587500001,6.513795650222961,0.7800227447,0.6126929556,674.3812813,2
19,345,1.71715204,0.03215039850000001,7.175638821864343,0.8704857551,0.4599267029,1307.194899,2
20,346,-0.2930976022,0.22003694865,5.798822501305781,0.6033274245,0.5964105844,329.9108615,1
20,347,0.7084133942,0.16315714685,5.641920446380577,0.6017957325,0.7134965371,282.0037719,1
20,348,1.964743953,0.062191642374999995,6.205480749616378,0.6683673469,0.440986855,495.4570895,2
20,349,1.236446596,0.10499541225000003,6.2594408838206945,0.6314026182,0.5165434766,522.9264817,1
20,350,1.845526073,0.08894908799999998,6.411593907239192,0.6485166964,0.4781656156,608.8633798,1
20,351,1.039162129,0.147776861,6.424818624580258,0.564039572,0.6966254481,616.9689044,1
20,352,0.9818179993,0.1186519100875,6.446336531401847,0.5204143388,0.5980773285,630.3886484,1
20,353,1.11876626,0.07484050050000002,6.230112555136582,0.4882145659,0.5013391954,507.8126372,1
20,354,2.597775102,-0.007535436499999992,7.279033706493371,0.7451902628,0.1068730634,1449.586622,2
20,355,2.534966259,0.012743552624999988,6.600714171384629,0.7200951743,0.1966873869,735.6203607,2
20,356,1.621564753,0.07508082500000002,5.7225462573113335,0.6760720673,0.7203522296,305.6822786,1
20,357,2.495285361,0.017425390124999995,6.486408566324007,0.7548712182,0.1691044568,656.1625621,2
20,358,0.8257028538,0.15405172202499998,6.142713267893653,0.6363188069,0.5802884717,465.3143822,1
20,359,0.8474373858,0.15231838389999997,5.2997011771403555,0.5951035078,0.6868324369,200.2769537,1
20,360,2.139952464,0.06597973875000002,6.033812090905976,0.6975262833,0.4768327854,417.3027973,2
20,361,2.824243381,0.0035253206249999947,6.580305885091315,0.7317033379,0.3649824523,720.7597652,2
20,362,0.898611376,0.13996163375000004,5.898758761797188,0.6101753822,0.6542936428,364.5846505,1
20,363,1.567305345,0.09025513312499997,6.098524882653063,0.6458793211,0.5686002254,445.2005624,1
20,364,2.331591945,0.05183541850000001,6.377558307325632,0.7606061824,0.412312742,588.4890426,2
20,365,0.9588923176,0.14504744404999997,5.317113513983835,0.638643336,0.8076714548,203.7947814,1
20,366,0.3965059858,0.13184546165,5.260536434452392,0.6572831701,0.8234222801,192.5847727,1
20,367,-0.1869955093,0.1650968009125,5.074159532272731,0.6799435431,0.8076200887,159.837797,1
20,368,1.915868994,0.06238730587499999,5.604849916453994,0.5863431774,0.6118632802,271.7411385,2
20,369,2.513180481,0.04683930725000002,5.979906120111014,0.6769962229,0.3919894312,395.403246,2
21,370,1.909807705,0.06173882024999999,5.560608354100071,0.7462325528,0.6870591707,259.9809487,1
21,371,3.216200371,0.02140961087500004,5.812204653436599,0.7885570738,0.3124560496,334.3554516,2
21,372,2.683906461,0.028304106125000006,5.258744092572492,0.7621881807,0.4325523817,192.2399041,2
21,373,1.427134041,0.07630171325000001,5.187738240934914,0.7256669956,0.6779445617,179.063097,1
21,374,2.333830175,0.05469443624999998,5.358640578709851,0.733398278,0.3585081254,212.4359601,2
21,375,2.436333993,0.03052174550000003,4.8897510960526995,0.682420753,0.550231979,132.9204855,2
21,376,1.586176635,0.023263689125000014,5.823667033306205,0.6316686532,0.5774448841,338.2100098,2
21,377,1.569616276,0.05403076325,6.569497129126818,0.7979065456,0.6354325766,713.0112004,2
21,378,1.454836037,0.052355072,6.46733983764327,0.8277795725,0.6276101275,643.7689173,2
21,379,1.148904189,0.07912464775,6.489577839901772,0.8515191502,0.599230447,658.2454196,2
21,380,2.284125437,0.07754203124999998,6.5516229792139935,0.8658887216,0.5104352621,700.379954,2
21,381,1.980699485,0.03376411562500001,6.557296374804122,0.8549093894,0.3617548014,704.3647796,2
21,382,2.731810037,0.016525797625000005,6.473640400679074,0.8013317288,0.5213561551,647.8378287,2
21,383,2.543716997,0.01901893287499995,5.856428206617291,0.7876038587,0.4561617954,349.4736644,2
21,384,3.188244248,-0.01962923387500004,5.742596815828495,0.7753183915,0.4343357046,311.8732377,2
21,385,1.319634575,0.039301080875000005,6.025378502131741,0.8042382565,0.5598273062,413.7982359,2
21,386,2.341771924,0.03587185524999997,6.25697565008145,0.8687654491,0.2274096028,521.6389334,2
21,387,1.44948804,0.09027805474999998,6.209898659603014,0.8467056222,0.5036378891,497.6508166,2
21,388,1.214079516,0.08492803574999999,5.917456990489375,0.7108846196,0.4652609398,371.4658705,2
21,389,0.4659212879,0.1255394951375,4.843035123991936,0.5348804991,0.7142706212,126.853785,1
21,390,0.3851821812,0.1592479501,5.148153101151888,0.6412982976,0.6157128154,172.1133207,1
21,391,0.8537833189,0.13455667051249998,5.491829068640836,0.716059212,0.714251075,242.7007174,1
21,392,1.752553452,0.07529815825000002,5.826783133184092,0.7442085916,0.6847983175,339.2655497,1
21,393,1.770550153,0.08835385474999999,5.717747667497372,0.6472219488,0.5993257539,304.2189485,1
21,394,1.352506737,0.11905029950000004,5.443977741525256,0.5734889031,0.7148667713,231.3606484,1
21,395,1.408499581,0.083276109875,5.724430758989536,0.5922148654,0.6815268197,306.2588805,1
21,396,1.19975274,0.09883279587499999,4.993691462028195,0.497608584,0.6265083511,147.4798361,1
21,397,0.08895165315,0.24911510648125001,5.6535687050912955,0.464326504,0.7429303334,285.3078307,1
21,398,1.54191496,0.08818441175,5.218905101395512,0.492056879,0.6304091207,184.7318107,1
21,399,0.9625295447,0.09522298403750001,5.05488540271311,0.485431462,0.8034686924,156.786562,1
22,400,2.185808401,0.07637939862499998,5.556629019111953,0.7064459018,0.5631554921,258.9484531,2
22,401,1.727387944,0.12171167499999999,5.382732308214883,0.6001396354,0.7787818288,217.616058,1
22,402,1.31964297,0.159752200875,5.07300161897283,0.6792061453,0.8280172577,159.6528258,1
22,403,3.168688041,-0.0014147994999999525,5.689076063901039,0.7326414738,0.7119319412,295.6203601,2
22,404,3.155249489,0.017329920499999985,5.6096288143586355,0.7237015573,0.5259081852,273.0428696,2
22,405,2.839643016,-0.002712432124999997,6.011247171262924,0.7306643048,0.7235557615,407.9918388,2
22,406,2.780930907,0.03187887487499996,6.011141501066422,0.7077596625,0.633704668,407.9487285,2
22,407,2.565695911,0.03578983674999997,5.6885921137676485,0.6085125077,0.8544274645,295.4773292,2
22,408,2.343662508,0.029850606374999977,5.488543139226593,0.7595743463,0.7429286243,241.9045288,1
22,409,2.63425901,0.024690877249999965,6.040648150298702,0.7906324571,0.5821909806,420.1652769,2
22,410,2.694151893,0.02608309287499999,6.058314634204692,0.7555686125,0.522538435,427.6540756,2
22,411,2.401685522,0.06221061374999998,5.5885577805265765,0.7101845028,0.7859255521,267.3497645,1
22,412,2.000980246,0.04988829787499999,5.884484428100431,0.7835720591,0.767795377,359.4174147,1
22,413,1.488748974,0.10726801950000003,5.044218855373905,0.7028552406,0.8024137062,155.1230783,1
22,414,1.541355747,0.091411228875,5.1610053638433415,0.5439787845,0.7062564586,174.3396423,1
22,415,0.9308868756,0.1195612383,3.6349757964802887,0.4861757483,0.7583697927,37.90093555,1
22,416,1.805526878,0.08300201999999998,4.322112949808436,0.4212259444,0.7596168977,75.34766605,1
22,417,0.8238620483,0.1252946920875,3.9589248858161397,0.4085787482,0.7758516254,52.40095864,1
23,418,2.041638,0.09239775362500002,4.8493275609999715,0.5742513419,0.771312357,127.6545211,1
23,419,1.887733021,0.07987072862499997,6.006401781818668,0.7103053081,0.6919861028,406.0197411,1
23,420,1.866707843,0.10629363762499999,5.957511019943667,0.752636662,0.7534961183,386.64657,1
23,421,2.451447565,0.05905099887499998,6.1560767235848415,0.7665176791,0.3157891917,471.5743244,2
23,422,2.50240575,0.06344163350000004,5.703789840629073,0.7263020218,0.7496491107,300.0022098,1
23,423,1.924371375,0.11263417587499999,5.575348804063476,0.6254658816,0.7868805639,263.8415686,1
23,424,2.232404205,0.07575962012500004,5.810090181486803,0.6142729726,0.8019394939,333.6492133,1
23,425,2.213554288,0.08425462374999998,5.353247588115884,0.6373649026,0.7034459847,211.2933787,1
23,426,1.633762646,0.128587377125,5.488684161367224,0.6478590691,0.7483561253,241.9386451,1
23,427,2.418463194,0.051982847,5.711760313240116,0.7646188207,0.5516915182,302.4029239,2
23,428,2.29364748,0.06227577099999998,5.4985340679250125,0.6973320612,0.6215855156,244.3334933,2
23,429,2.304943407,0.07547146137499999,5.77751923263275,0.7226464673,0.5999787759,322.9570146,2
23,430,2.024771573,0.08805014862499999,5.943963650638162,0.7161792896,0.684328942,381.4438473,2
23,431,1.753729083,0.08701216075000001,5.0382356724336255,0.6588638648,0.6451948052,154.1977196,1
23,432,2.567718834,0.015421528750000024,5.481878036157852,0.7080089553,0.7253361227,240.2975714,1
23,433,2.174156494,0.059615028125000025,5.587467242374201,0.7177721475,0.7782890335,267.0583683,2
23,434,2.057552411,0.0765456685,5.726230745880135,0.6678013932,0.6951260668,306.8106389,2
23,435,2.328650392,0.06555077449999996,5.796236816495065,0.7233739693,0.6055254612,329.0589179,2
23,436,2.175521379,0.048271000374999984,5.53420950973063,0.690861689,0.7861086054,253.2075504,2
23,437,2.276616207,0.06433489237500001,5.5266374807116065,0.6934844452,0.7122033732,251.2974961,2
23,438,1.950949609,0.08398977112499997,5.5650430331821115,0.5900493142,0.77277946,261.136441,1
23,439,2.420717515,0.05923873812499997,6.842894159255236,0.8087123076,0.2375851945,937.1976126,2
23,440,1.671321744,0.07104074512499997,5.730425027478443,0.626954158,0.8087824668,308.1001916,1
23,441,1.327821181,0.07403828700000001,5.812832304716687,0.4907503422,0.8345768566,334.5653761,1
23,442,2.257527676,0.05679474325,5.544332315192765,0.6121391934,0.7828510746,255.7837383,1
23,443,2.208377199,0.10621886262499997,5.312534624669825,0.7052956966,0.6730793918,202.8637608,2
23,444,2.508375584,0.04874468074999999,6.767652780309265,0.8036836002,0.1619308364,869.2691319,2
23,445,2.414926996,0.054410435499999965,5.391678073728451,0.7005654891,0.6990729545,219.5715338,2
23,446,2.44139795,0.09727337962500004,5.319099894467098,0.7297993234,0.6647156852,204.1999977,2
23,447,1.51487128,0.07226646149999999,5.328479450370882,0.6890160705,0.7339908897,206.1243135,1
23,448,2.437806726,0.026786374375000033,5.35500727493422,0.7250027762,0.6986463631,211.6655162,2
23,449,2.562922191,0.03137915537499997,5.546570835368809,0.7528632512,0.5772602088,256.3569567,2
23,450,2.319109161,0.05288153362499998,5.73440995484893,0.7197698624,0.5288412875,309.330398,2
23,451,2.421581511,0.05377730424999999,6.27990870647275,0.8106560873,0.3142887085,533.7399346,2
23,452,2.192292971,0.08510893874999997,5.501709150488679,0.7569313103,0.7476989305,245.1105052,2
23,453,0.6615682353,0.22673726508750003,5.204392837785738,0.6389597506,0.8720940924,182.070293,1
23,454,0.994426448,0.15920603312499998,5.3757830243252505,0.668730835,0.7845392562,216.1090247,1
23,455,1.475471998,0.07037889362500002,5.368946657636447,0.7116323084,0.698498913,214.6366627,1
23,456,1.618108197,0.09727393549999999,5.413442407530926,0.7211550578,0.7445991322,224.4027453,1
23,457,1.214581507,0.06835745475000002,5.569353239472601,0.7708546737,0.740419524,262.2644221,1
23,458,2.446054449,0.06187826699999999,5.326909077035217,0.6322666971,0.7052769382,205.8008754,1
23,459,2.213652266,0.08744270625,5.247797644455218,0.6641931574,0.7309978117,190.1470356,1
23,460,1.689772238,0.10514144412500001,5.284301864145215,0.666691678,0.6075553027,197.2164515,1
23,461,2.357916202,0.05363787549999999,5.339612366303675,0.6788216417,0.6520701198,208.4318994,2
23,462,1.614386456,0.130394901,5.984991363689803,0.6442700039,0.7480089443,397.419089,1
23,463,2.92966459,0.049063664875000024,5.844548731668973,0.6040944531,0.7172015511,345.3466626,2
23,464,1.64695347,0.10066222350000001,5.860917953250655,0.432968633,0.8532893015,351.0462402,1
23,465,1.471763111,0.08890207900000002,5.427624579060494,0.3609987643,0.8878651016,227.6079381,1
23,466,1.887250064,0.05832041525000001,5.558928772194186,0.663945056,0.7742961415,259.5446559,1
23,467,1.075000925,0.08280862037499997,5.9667817982002145,0.6436112747,0.6506947981,390.2477517,1
24,468,3.193527986,0.05544714300000003,4.689708287451792,0.7059458533,0.3488689647,108.8214306,2
24,469,1.601997725,0.06155294924999999,5.7027923269550485,0.6531781521,0.6666884041,299.7031027,2
24,470,1.776583941,0.07757418087499998,5.45538772852361,0.7229901075,0.6378832019,234.015588,2
24,471,2.263049332,0.06865260099999998,6.135017818954245,0.8361350196,0.5314825521,461.7473218,2
24,472,1.639475211,0.078103361625,5.821944895225915,0.7578775661,0.6397931822,337.6280667,2
24,473,2.714445882,0.06834054962499997,6.493429973040328,0.8416483172,0.4324362597,660.7859587,2
24,474,2.121460266,0.058743539124999966,6.826072209425389,0.8531089079,0.1369382471,921.5639841,2
24,475,2.354983979,0.06959005224999998,5.143289011343067,0.7212669092,0.5921918808,171.2781788,2
24,476,2.30276706,0.07607262975000001,5.8345882047017765,0.8095881791,0.3593169598,341.9239024,2
24,477,3.18184398,0.02840850924999999,5.354621300090321,0.7365114625,0.4618587375,211.5838344,2
24,478,2.075518547,0.07576328724999998,5.542806891625559,0.7577681835,0.4660581159,255.3938572,2
24,479,2.18601002,0.04000275337500003,5.777483055337285,0.7580019678,0.593468398,322.9453311,2
24,480,2.126539528,0.03269850725000001,5.342940389757278,0.7425279811,0.6322689279,209.1267212,2
24,481,2.096036998,0.03199903987499997,5.888958712412903,0.7552358142,0.4614459653,361.0291534,2
24,482,1.899442343,0.05047561675000001,6.56723155560111,0.8436513759,0.5913343024,711.3976496,2
24,483,1.864150446,0.056780008375000024,6.365690096601283,0.8265047154,0.6392151595,581.5460128,2
24,484,1.710536329,0.03579352362500002,6.142182778461068,0.7099432609,0.726113311,465.0676033,2
24,485,1.592720018,-0.02239014412500001,6.373736689863375,0.5882018679,0.7952655879,586.2443545,1
24,486,2.403294522,0.04197624150000001,6.312866991223337,0.789205129,0.4579189511,551.6241856,2
24,487,1.662869427,0.06907181499999998,5.43892038598826,0.7230667703,0.8231708575,230.1935291,1
24,488,3.355601772,0.02476060162499999,5.691954403338012,0.8151198761,0.5049065505,296.4724816,2
24,489,0.5957272538,0.059557744775000004,4.886222245395648,0.7516369143,0.8735546014,132.4522556,1
24,490,1.490283713,0.06361259012500001,6.394616634077363,0.838767118,0.5105920738,598.6137911,2
24,491,1.919509959,0.04757697162500002,6.364511179790731,0.7855498346,0.3630490173,580.8608224,2
24,492,2.207621266,0.034410105125000034,7.298349718068899,0.8552627148,0.1565230442,1477.85903,2
24,493,1.811377721,0.046045564250000004,5.626937077273076,0.6825517761,0.7887605568,277.8099029,1
25,494,2.088958846,0.036265589875000004,7.20976281080543,0.8346418703,0.04015491235,1352.571414,2
25,495,2.855069732,-0.03653843012500002,8.092303968421032,0.8806958967,0.01522852621,3269.211059,2
26,496,3.320139515,-0.022201368,6.555557347678215,0.7623610893,0.221728486,703.1409346,2
27,497,1.649199102,0.0759502075,5.820620161685419,0.6437940362,0.8176283098,337.1810956,1
27,498,1.649419676,0.06993952225,5.7258678803776695,0.7280008777,0.7101183593,306.6993281,1
27,499,1.580271575,0.073110251125,5.929475727650062,0.7820310489,0.7102736997,375.9573581,1
27,500,1.627076378,0.09571373662499999,5.625394770680435,0.8339676496,0.814373631,277.3817651,1
27,501,1.957895356,0.07450052062499998,5.853381669888639,0.8804954499,0.6667182808,348.4106002,1
27,502,1.835836625,0.0705259375,5.487754007656478,0.8324803583,0.8346868753,241.7137096,1
27,503,2.056749489,0.071566622375,5.765221307657827,0.8738175452,0.691686826,319.0096355,1
27,504,2.117364613,0.08890536025000001,5.55183110307659,0.869938978,0.6762772765,257.7090159,1
27,505,2.391629246,0.026176462125000022,6.356199180986948,0.8838741792,0.3185901674,576.0527181,1
27,506,1.543210432,0.07844731787499998,5.927328578268694,0.8376174825,0.6849854291,375.1509875,1
27,507,1.700189578,0.043557317999999984,5.688714550522079,0.8495113108,0.6557002687,295.5135087,1
27,508,1.571638402,0.093942347875,4.82090079319889,0.7435575803,0.7846576361,124.076808,1
27,509,2.24823886,0.05091681575000001,5.651333912150712,0.8001126209,0.6161171906,284.6709387,1
27,510,2.152570292,0.06383120537499998,5.3928810004836,0.8281879052,0.7898610995,219.8358212,1
27,511,1.634993819,0.10578767312499998,5.74463659986026,0.7545266256,0.7257706268,312.510041,1
27,512,1.59171109,0.12447912324999999,5.517592867792763,0.7816531555,0.8277643957,249.0348553,1
27,513,1.890014375,0.07598600212499998,5.675437718116185,0.7333664394,0.7538289065,291.6159562,1
27,514,1.814324806,0.08357315725,5.513532689956188,0.7151506124,0.7819600423,248.0257794,1
27,515,1.90001226,0.07754770112499998,5.858830334468537,0.7901971929,0.6064663122,350.3141539,2
27,516,2.083682508,0.06479288375000003,5.9521988742240275,0.823102591,0.612305952,384.5980928,2
27,517,2.056900624,0.019358997125,6.983961019209594,0.8452850416,0.1389358788,1079.184583,2
27,518,1.470305176,0.011475503374999974,9.649714026580009,0.899052323,0.007968606812,15517.34992,2
27,519,1.485705709,0.006520353374999982,10.588298465267073,0.8920887814,0.007436324456,39667.9353,2
27,520,2.769546647,0.03792259600000003,5.941532387009351,0.8314075903,0.327482316,380.5175832,2
27,521,2.474523414,0.05605466412499999,6.344048053996492,0.8615252493,0.3194349253,569.0953837,2
27,522,2.317852716,0.077030343,5.578972432821323,0.7905130112,0.7211961039,264.7993668,2
27,523,1.999246997,0.07933998312499999,5.4488473337850145,0.7698855682,0.7871591779,232.490028,1
27,524,1.389096824,0.116695195625,5.819102341720569,0.7726472523,0.7209755055,336.6697036,1
27,525,1.728756167,0.10127914125000001,5.36035051404392,0.7844368761,0.7827421235,212.7995226,1
27,526,2.441487926,0.05503999237499996,5.620042533407854,0.7701621172,0.6328345173,275.901118,2
27,527,1.716023024,0.07988008937500002,5.5963586024824075,0.8286721254,0.6462921952,269.4434681,2
27,528,1.349970134,0.016374276374999996,5.275005400389102,0.8217777348,0.593828889,195.3915317,2
27,529,0.2836961329,0.13649236201249998,5.118776993674187,0.8556235532,0.5275450476,167.1308425,2
27,530,1.31466597,0.056164127625000004,6.21596569307341,0.8150553538,0.5315296743,500.6792583,2
27,531,1.646273093,0.08285887112500001,5.76418000308104,0.8147788433,0.6306202719,318.6776222,2
28,532,2.214956811,0.06428278425,5.245036692312969,0.6101177708,0.6338953172,189.6227728,1
28,533,2.217561188,0.055454848,5.832179345237325,0.6125430712,0.5665737027,341.101247,1
28,534,2.19984162,0.08169421124999998,5.83603999116163,0.6414797792,0.5843235004,342.4206634,1
28,535,2.638440052,0.07230884812499999,5.755135087234393,0.6141524599,0.6346004246,315.8082063,1
28,536,2.745268879,-0.023467248875000013,9.18547456459346,0.8324671859,0.02868766086,9754.408002,1
28,537,3.108064718,0.031000416500000016,6.515848107672477,0.7586524398,0.2774358955,675.7668416,1
28,538,2.607298892,0.044228581249999954,5.475770259358489,0.5504132681,0.722518689,238.8343605,1
28,539,2.367704511,0.07540121162500002,5.545823355365457,0.6419542815,0.6732129429,256.1654066,1
28,540,2.006247883,0.07475953275000002,5.838415778453554,0.651137602,0.6663292185,343.2351492,1
28,541,1.973098835,0.07421192124999998,5.423561483870589,0.6480889289,0.7240957306,226.6850216,1
28,542,1.258692434,0.07872617399999998,6.26922762811051,0.6173961439,0.6279036234,528.0693544,1
28,543,1.1271599,0.06315972949999998,6.059079545096418,0.5889185792,0.6466085825,427.981318,1
28,544,2.231601689,0.022574405500000005,6.090956264358701,0.6690978164,0.4465029953,441.8437286,1
28,545,1.6160258,0.06542902437499998,6.58352074581529,0.7099320372,0.5895114572,723.0806361,1
28,546,1.312458,0.10123894300000003,6.3422200624472485,0.7462943283,0.6767422821,568.0560324,1
28,547,1.819804838,0.07074366712500002,6.287798245889384,0.7374023463,0.5463432777,537.9675519,1
28,548,1.882336218,0.05679282462499999,6.195127303932278,0.6740401595,0.629246375,490.353865,1
28,549,1.965801448,0.06427306499999999,5.533517289651543,0.6307774245,0.6739491687,253.0323357,1
28,550,2.321014868,0.05084359837500002,5.531454650545819,0.6889876386,0.5663716485,252.5109592,1
28,551,1.757475026,0.07195676599999998,5.509751493755368,0.6730085229,0.5704086386,247.0897161,1
28,552,1.853120924,0.042015253,5.627015503367302,0.5996692061,0.661739838,277.8316913,1
28,553,1.845653766,0.06397517637499997,5.433156915537797,0.6357188286,0.6134950332,228.8706314,1
28,554,2.070856,0.06182592149999999,5.887924410498813,0.7153462187,0.6046541849,360.6559333,1
29,555,1.606407085,0.07544249412500001,5.8818529924628695,0.7348287857,0.6349099828,358.4728742,1
29,556,1.81250245,0.082750476125,5.6662102183177545,0.6882072684,0.6059236525,288.937447,1
29,557,1.64494513,0.10625595425,5.345476860468555,0.671499926,0.668113877,209.6578383,1
29,558,2.146197667,0.04397257162500001,5.752472514130783,0.7050528178,0.5960222052,314.9684623,1
29,559,2.366892582,0.03228647374999999,5.472574202811928,0.5955756532,0.6925556313,238.0722509,1
29,560,2.237442573,0.039253858375000006,5.553215648258633,0.6808955234,0.6552395348,258.0660728,1
29,561,1.674716136,0.09493676949999999,5.4698652430254935,0.751159712,0.6572401529,237.4281955,1
29,562,1.875665028,0.06931047775000002,6.128021567027436,0.7999995083,0.4667543723,458.5280956,2
29,563,1.391939899,0.07804831200000001,4.984819327179611,0.8406065324,0.3585722772,146.1771624,2
29,564,1.66058659,0.09505019412500001,5.804309065602824,0.7740166335,0.6982877344,331.7259133,1
29,565,2.705947937,0.015112800500000023,5.727464992882738,0.6742515686,0.5874881884,307.1895528,1
29,566,2.188553192,0.08661417225000001,5.354992404191644,0.7371269598,0.6739462964,211.6623686,1
29,567,1.747752348,0.104657525625,5.863950044072323,0.7573595035,0.6121622637,352.1122596,1
29,568,1.686225659,0.06816550525000001,5.382139885112152,0.804467765,0.5650799876,217.4871754,2
29,569,1.150660426,0.06064420312500002,5.8019351422767045,0.8624354288,0.2225506371,330.9393554,2
29,570,1.487828254,0.099770136625,5.1295127120311745,0.7924838737,0.4746860352,168.9347781,2
29,571,2.156727988,0.08783035849999998,5.561785296368187,0.7514347942,0.6302322541,260.2871114,1
29,572,2.946465764,0.013379871875000005,8.114651424778575,0.876709854,0.0408735151,3343.092062,2
29,573,2.042226642,0.07649637874999998,5.944597754972116,0.7039741985,0.6967160488,381.6857992,1
29,574,1.917040869,0.11579996937499998,5.606744775482499,0.760658164,0.6631706821,272.2565378,1
29,575,1.769625974,0.054039576125000016,6.076676201422038,0.8857050674,0.06155547002,435.5790091,2
29,576,0.6838789309,0.0985925725125,4.911969152880893,0.826107574,0.1236430109,135.9067723,2
29,577,2.271648423,0.036440638375,6.267126827607722,0.7279287541,0.4889077615,526.9611505,2
29,578,1.826387049,0.07108224675000002,5.6502850255349415,0.6143382061,0.6783234751,284.3725077,1
29,579,2.399146262,0.026781105125000038,5.491100224700101,0.6485224135,0.5830377015,242.5238909,1
29,580,2.306984632,0.013832220375000037,5.435797230440024,0.5182999455,0.7198958927,229.4757204,1
29,581,2.372597298,0.08688633374999999,5.996829691944777,0.7439497561,0.5260387622,402.1518252,1
29,582,2.164409534,0.06883422975000003,5.731454138796166,0.6975502708,0.6570780391,308.4174242,1
29,583,3.004100702,0.07352174987499999,6.1160370063780185,0.7792503572,0.4553974599,453.0656358,1
29,584,2.644881052,0.05617362337499998,5.784367101311272,0.6922050277,0.5892324356,325.1761714,1
30,585,2.868674567,0.01784514887500005,6.179888201924742,0.8956602904,0.06085652676,482.9379618,2
30,586,2.648401369,0.020583852999999985,5.821140335197713,0.8758714226,0.08916540829,337.3565339,2
31,587,0.2090066117,0.085939558225,7.755863618984845,0.9184697123,0.0,2335.225219,2
32,588,-0.5084198806,0.20406398495,6.502067102946173,0.9009385464,0.1295707003,666.5179713,2
32,589,-0.5929704072,0.1827851115625,6.745559428582807,0.9509709008,0.1291297001,850.2746616,2
32,590,-1.271247053,0.224873839775,5.9516897095961525,0.8903441751,0.4385849039,384.4023189,2
32,591,-0.6791053442,0.16467423949999999,7.185105102361771,0.9508461279,0.07618800112,1319.627927,2
32,592,-1.011340161,0.228599518025,7.062541559058468,0.9356960213,0.1496994884,1167.408436,2
32,593,0.4151545636,0.1323367358,6.442231158220513,0.8930686539,0.2907782626,627.8059728,2
32,594,0.4660936195,0.1384956171875,6.9411299797629225,0.9507668826,0.09610373682,1033.937884,2
32,595,1.595537385,0.08163607687499996,7.054739675659284,0.9588771,0.0861098863,1158.335889,2
32,596,-0.2774908365,0.1809964798125,5.4727825699411445,0.9199438272,0.4762962589,238.1218625,2
32,597,0.02823766627,0.14387737034125,6.8017183888568855,0.9720748973,0.1445745865,899.3914688,2
32,598,0.3921394449,0.1306112130125,7.3579160940492105,0.9571503035,0.09607184597,1568.564414,2
32,599,0.2147749729,0.1427600870125,6.083356197894647,0.9654526043,0.2278070089,438.4984153,2
32,600,0.4734122952,0.132667307225,6.966592622685804,0.9408503999,0.1411004474,1060.602713,2
32,601,1.016137923,0.101729496,7.320077865414721,0.9302162795,0.08959363148,1510.321567,2
33,602,2.629252654,0.04748776025000001,7.030354578685286,0.8402635416,0.187180568,1130.431366,2
33,603,1.438504064,0.02735049912500001,10.186888761025838,0.9018170668,0.01263372509,26552.75429,2
33,604,2.418398186,0.04535930899999996,6.816689367574591,0.8448707733,0.1735109092,912.9575346,2
33,605,1.800426164,0.049445614375,6.763293716984004,0.7916955997,0.3001135875,865.4881794,2
33,606,1.814257194,0.049240381,6.242655402615198,0.7420556254,0.6355126217,514.2221665,1
33,607,1.912443542,0.035245368249999964,6.2232248787097495,0.7188031035,0.6824870202,504.3270058,1
33,608,2.065929118,0.04095501224999998,6.709920359503866,0.7285597891,0.4120157845,820.5052914,2
33,609,2.009482833,0.055591493625000044,6.354433766592906,0.7463224236,0.4541620588,575.0366435,2
33,610,1.769452745,0.06693436662499999,6.296836496348958,0.725815463,0.4543355796,542.851877,2
33,611,1.702651254,0.0073599728749999815,5.742273740737901,0.8520060724,0.27069145,311.7724955,2
33,612,1.644315216,0.07371149012499997,6.068840176596037,0.762574497,0.5649505668,432.1791393,2
33,613,1.894220799,0.07880470262500003,5.919078502009651,0.7559500167,0.5239632886,372.0686953,2
33,614,1.895089896,0.053603289374999974,6.468109155996916,0.832293535,0.444760327,644.2643711,2
33,615,1.868100092,0.086700288875,5.815290283828773,0.7432384862,0.7788292297,335.3887423,1
33,616,2.005214659,0.07751311787499998,5.994349853604942,0.7133724304,0.7389188256,401.1557892,1
33,617,2.196530865,0.013343901874999953,6.557690274608992,0.7804424316,0.5513555348,704.6422834,2
33,618,1.597461226,0.076880719875,6.514066585302383,0.8358626107,0.5565832113,674.5640196,2
33,619,1.428749381,0.09210319450000001,6.380973738253895,0.8285631496,0.6319549009,590.5024226,2
33,620,1.62105827,0.07106648024999998,6.535720498400992,0.8263759567,0.5332564795,689.3302668,2
33,621,1.558393599,0.09827886187500001,5.861835884344896,0.7719317391,0.6666260574,351.3686244,2
33,622,1.374585457,0.09377475500000002,5.7460515413423146,0.7985449293,0.5187485632,312.9525374,2
33,623,1.493470146,0.0664345415,6.702495580980407,0.83450857,0.3144069948,814.4357816,2
33,624,1.028699056,0.07906363799999999,6.295618894147239,0.7725542914,0.5879406172,542.1913016,2
33,625,1.605509173,0.07596593662499998,6.129450040792965,0.8015269713,0.258217749,459.183559,2
33,626,1.122478524,0.11027571787500001,5.784155957771355,0.8071777645,0.5215489047,325.1075198,2
33,627,1.943427856,0.07191587962500001,5.941345092973994,0.8616482371,0.3134108149,380.4463212,2
33,628,1.834186952,0.050128363625000005,6.320517669321599,0.8250477401,0.3374419049,555.86067,2
33,629,1.360350987,0.056218339000000006,7.060426368183407,0.9174857703,0.1150422142,1164.941754,2
33,630,1.293039629,0.11457237600000003,6.134132106044394,0.6854185852,0.6250298624,461.3385273,1
33,631,1.637352821,0.125676030125,6.1294473396908655,0.7145672204,0.5606043658,459.1823187,1
33,632,1.945373087,0.07274717825000002,6.745403686541559,0.8398050411,0.1917627691,850.1422484,2
33,633,1.920174584,0.08344106462499998,6.173179172047722,0.7867744618,0.2971737025,479.7087611,2
34,634,1.905876604,-0.0011977232499999768,7.525208615172882,0.7946663429,0.210694074,1854.2,2
34,635,2.100315256,-0.007910621750000013,8.081460835026883,0.8544278271,0.1497575815,3233.954061,2
34,636,0.3375997738,0.05873062985,8.44380974300871,0.9787188364,0.00768935025,4646.222222,2
34,637,2.487431172,-0.004367302874999979,7.13231763052313,0.8705151187,0.1849782318,1251.774759,2
35,638,1.978964582,-0.038142364875,4.02254330376265,0.7805749854,0.03056678064,55.84295096,2
35,639,1.369414492,0.044031014750000014,3.8783846529056323,0.8391152726,0.297699594,48.3460563,2
35,640,2.120682953,0.019989062624999998,5.272064028784504,0.8912549595,0.07207143779,194.817657,2
